run_id,source_run_id,scenario_id,dataset,scenario,model_label,model,request_rate,burstiness,seed,num_prompts,micro_batch,dataset_name,dataset_path,success,failed,duration_s,req_s,out_tok_s,total_tok_s,mean_ttft_ms,p99_ttft_ms,mean_tpot_ms,p99_tpot_ms,mean_itl_ms,p99_itl_ms,pp_makespan_ms,bubble_pct,overlap_pct,idle_pct,avg_power_w,max_power_w,energy_j,energy_per_request_j,energy_per_output_token_j,tokens_per_joule,output_tokens_per_second_per_watt
0016_E09_GovReport-GAO-1K_high_poisson_14B_qps-auto-high_burst-1_seed-0_mb-1,0016_E09_GovReport-GAO-1K_high_poisson_14B_qps-auto-high_burst-1_seed-0_mb-1,E09,GovReport-GAO-1K,high_poisson,14B,Qwen/Qwen2.5-14B,1.27998445,1,0,200,1,custom,/workspace/DATASET/vllm_custom/gov_report_gao_1K.jsonl,200,0,339.1888111808803,0.5896420913876943,75.47418769762487,848.6128979251696,56198.28655203455,145461.7014874192,895.4757583202653,1255.0859306058949,895.4757595957828,3417.9571876697682,,,,,117.5910973137848,164.0,41170.604465961456,205.8530223298073,1.6082267369516194,0.6218028695975368,0.6418358993302573
0017_E09_GovReport-GAO-1K_high_poisson_14B_qps-auto-high_burst-1_seed-0_mb-2,0017_E09_GovReport-GAO-1K_high_poisson_14B_qps-auto-high_burst-1_seed-0_mb-2,E09,GovReport-GAO-1K,high_poisson,14B,Qwen/Qwen2.5-14B,1.27998445,1,0,200,2,custom,/workspace/DATASET/vllm_custom/gov_report_gao_1K.jsonl,200,0,407.1099792190362,0.49126774141882334,62.88227090160939,707.0325334499705,72375.8906938415,186478.09670095565,1062.1993286795291,1493.7816199742608,1062.19933039814,3449.2323356261477,,,,,117.90812773001515,166.0,50259.41931962967,251.29709659814836,1.963258567173034,0.5093572577349991,0.5333158291309364
0018_E09_GovReport-GAO-1K_high_poisson_14B_qps-auto-high_burst-1_seed-0_mb-4,0018_E09_GovReport-GAO-1K_high_poisson_14B_qps-auto-high_burst-1_seed-0_mb-4,E09,GovReport-GAO-1K,high_poisson,14B,Qwen/Qwen2.5-14B,1.27998445,1,0,200,4,custom,/workspace/DATASET/vllm_custom/gov_report_gao_1K.jsonl,200,0,531.8647883089725,0.3760354217768133,48.132533987432105,541.1901790211897,96779.12206166657,255929.13094452582,1374.155167731902,1937.8598955471612,1374.1551691821528,3132.812116795685,,,,,128.1745988259226,167.0,70150.44535064697,350.7522267532349,2.7402517715096475,0.36492997117891995,0.3755231881224938
0019_E05_GovReport-GAO-2K_medium_poisson_3B_qps-auto-medium_burst-1_seed-0_mb-1,0019_E05_GovReport-GAO-2K_medium_poisson_3B_qps-auto-medium_burst-1_seed-0_mb-1,E05,GovReport-GAO-2K,medium_poisson,3B,Qwen/Qwen2.5-3B,1.03212466,1,0,200,1,custom,/workspace/DATASET/vllm_custom/gov_report_gao_2K.jsonl,200,0,219.66786368889734,0.9104654483427226,116.53957738786849,2493.4234384675888,3869.379594201455,7761.6113597434005,632.6274314291104,986.4428532503061,632.627433233062,1697.5866050668992,,,,,95.55074108176046,149.0,21937.816123247147,109.68908061623573,0.8569459423143416,1.1669347512158286,1.219661679946034
0020_E05_GovReport-GAO-2K_medium_poisson_3B_qps-auto-medium_burst-1_seed-0_mb-2,0020_E05_GovReport-GAO-2K_medium_poisson_3B_qps-auto-medium_burst-1_seed-0_mb-2,E05,GovReport-GAO-2K,medium_poisson,3B,Qwen/Qwen2.5-3B,1.03212466,1,0,200,2,custom,/workspace/DATASET/vllm_custom/gov_report_gao_2K.jsonl,200,0,242.940562332049,0.8232466331688233,105.37556904560938,2254.563810761969,6283.117408568505,16814.44689043098,862.1891444383874,1346.5582763114724,862.1891460763968,2084.1555175441317,,,,,86.59430183512545,151.0,21847.396141290665,109.23698070645332,0.8534139117691666,1.1717643528061943,1.216888026261165
0021_E05_GovReport-GAO-2K_medium_poisson_3B_qps-auto-medium_burst-1_seed-0_mb-4,0021_E05_GovReport-GAO-2K_medium_poisson_3B_qps-auto-medium_burst-1_seed-0_mb-4,E05,GovReport-GAO-2K,medium_poisson,3B,Qwen/Qwen2.5-3B,1.03212466,1,0,200,4,custom,/workspace/DATASET/vllm_custom/gov_report_gao_2K.jsonl,200,0,258.1084451919887,0.7748680979858449,99.18311654218815,2122.0731448464844,6254.937337320298,13086.011281211395,957.877040174863,1362.8836013003636,957.8770419005323,1765.859213124495,,,,,95.33972418318504,154.0,25506.776968240738,127.53388484120369,0.9963584753219038,1.0036548338457398,1.040312602033738
0022_E08_GovReport-GAO-2K_high_poisson_3B_qps-auto-high_burst-1_seed-0_mb-1,0022_E08_GovReport-GAO-2K_high_poisson_3B_qps-auto-high_burst-1_seed-0_mb-1,E08,GovReport-GAO-2K,high_poisson,3B,Qwen/Qwen2.5-3B,2.06424933,1,0,200,1,custom,/workspace/DATASET/vllm_custom/gov_report_gao_2K.jsonl,200,0,199.88222034811042,1.0005892452649587,128.07542339391472,2740.238721813748,31286.57823676942,79319.55656915669,861.1867208777392,1340.1081053639841,861.1867223838693,2041.1289058998227,,,,,101.40982183595982,159.0,21196.66575026512,105.9833287513256,0.8279947558697313,1.2077371177907923,1.2629489045064006
0023_E08_GovReport-GAO-2K_high_poisson_3B_qps-auto-high_burst-1_seed-0_mb-2,0023_E08_GovReport-GAO-2K_high_poisson_3B_qps-auto-high_burst-1_seed-0_mb-2,E08,GovReport-GAO-2K,high_poisson,3B,Qwen/Qwen2.5-3B,2.06424933,1,0,200,2,custom,/workspace/DATASET/vllm_custom/gov_report_gao_2K.jsonl,200,0,230.29745413805358,0.8684420796076558,111.16058618977995,2378.3371902655167,39566.56345997006,99506.51911804218,993.8375116551321,1499.4532591635436,993.8375132045375,2155.6104728998616,,,,,86.04593927633799,144.0,21259.8058052063,106.29902902603149,0.830461164265871,1.204150227643699,1.2918748650390792
0024_E08_GovReport-GAO-2K_high_poisson_3B_qps-auto-high_burst-1_seed-0_mb-4,0024_E08_GovReport-GAO-2K_high_poisson_3B_qps-auto-high_burst-1_seed-0_mb-4,E08,GovReport-GAO-2K,high_poisson,3B,Qwen/Qwen2.5-3B,2.06424933,1,0,200,4,custom,/workspace/DATASET/vllm_custom/gov_report_gao_2K.jsonl,200,0,239.38546179584228,0.8354726243591526,106.94049591797153,2288.0462158855844,38407.50173391891,89969.88637701375,1003.0047388818834,1436.4453234227087,1003.0047403264967,1799.9720550491475,,,,,93.45408752135687,149.0,23722.730169296265,118.61365084648132,0.9266691472381353,1.0791338019404462,1.144310524604209
0025_E06_GovReport-GAO-2K_medium_poisson_7B_qps-auto-medium_burst-1_seed-0_mb-1,0025_E06_GovReport-GAO-2K_medium_poisson_7B_qps-auto-medium_burst-1_seed-0_mb-1,E06,GovReport-GAO-2K,medium_poisson,7B,Qwen/Qwen2.5-7B,0.701426576,1,0,200,1,custom,/workspace/DATASET/vllm_custom/gov_report_gao_2K.jsonl,200,0,321.07891302905045,0.6228998289336568,79.73117810350807,1705.889044013436,5619.739733183524,10958.61299450742,929.8207672869449,1413.763668945822,929.8207694970027,2354.391965274699,,,,,106.52617389949734,160.0,35838.21268963814,179.19106344819068,1.3999301831889897,0.714321336884127,0.7484656135188978
0026_E06_GovReport-GAO-2K_medium_poisson_7B_qps-auto-medium_burst-1_seed-0_mb-2,0026_E06_GovReport-GAO-2K_medium_poisson_7B_qps-auto-medium_burst-1_seed-0_mb-2,E06,GovReport-GAO-2K,medium_poisson,7B,Qwen/Qwen2.5-7B,0.701426576,1,0,200,2,custom,/workspace/DATASET/vllm_custom/gov_report_gao_2K.jsonl,200,0,346.2886598070618,0.5775528430859734,73.9267639150046,1581.700654896324,6842.877130960114,18390.9215852199,1125.1254436946438,1726.859428335117,1125.1254454589225,2822.2343505662866,,,,,104.11533882150486,152.0,36990.946819067,184.954734095335,1.4449588601198047,0.6920612258241648,0.7100468072408092
0027_E06_GovReport-GAO-2K_medium_poisson_7B_qps-auto-medium_burst-1_seed-0_mb-4,0027_E06_GovReport-GAO-2K_medium_poisson_7B_qps-auto-medium_burst-1_seed-0_mb-4,E06,GovReport-GAO-2K,medium_poisson,7B,Qwen/Qwen2.5-7B,0.701426576,1,0,200,4,custom,/workspace/DATASET/vllm_custom/gov_report_gao_2K.jsonl,200,0,368.79504145286046,0.5423066405993533,69.41524999671722,1485.1745236114039,6604.340828629211,13961.719230047893,1272.4292174904097,1773.940024389922,1272.4292191435075,2455.638425955549,,,,,111.86008455735953,155.0,42175.03502988815,210.87517514944076,1.647462305855006,0.6069941609261987,0.6205542421266679
0028_E09_GovReport-GAO-2K_high_poisson_7B_qps-auto-high_burst-1_seed-0_mb-1,0028_E09_GovReport-GAO-2K_high_poisson_7B_qps-auto-high_burst-1_seed-0_mb-1,E09,GovReport-GAO-2K,high_poisson,7B,Qwen/Qwen2.5-7B,1.40285315,1,0,200,1,custom,/workspace/DATASET/vllm_custom/gov_report_gao_2K.jsonl,200,0,286.5534334019758,0.6979501087304752,89.33761391750083,1911.423616521998,44570.81191399833,111613.26211743987,1229.627769113808,1931.1025581760587,1229.6277709488343,2899.22911608126,,,,,112.63701099769357,165.0,33369.04839324951,166.84524196624756,1.303478452861309,0.7671780057467514,0.7931461703944733
0029_E09_GovReport-GAO-2K_high_poisson_7B_qps-auto-high_burst-1_seed-0_mb-2,0029_E09_GovReport-GAO-2K_high_poisson_7B_qps-auto-high_burst-1_seed-0_mb-2,E09,GovReport-GAO-2K,high_poisson,7B,Qwen/Qwen2.5-7B,1.40285315,1,0,200,2,custom,/workspace/DATASET/vllm_custom/gov_report_gao_2K.jsonl,200,0,322.4193834180478,0.6203101000930851,79.39969281191489,1698.796747867425,52503.41356822173,133626.544167744,1387.1203151873158,2096.640577204855,1387.1203166872674,3116.1434159008786,,,,,97.21893405262364,155.0,32135.12061023712,160.67560305118562,1.2552781488373876,0.7966361885022687,0.8167101767330285
0030_E09_GovReport-GAO-2K_high_poisson_7B_qps-auto-high_burst-1_seed-0_mb-4,0030_E09_GovReport-GAO-2K_high_poisson_7B_qps-auto-high_burst-1_seed-0_mb-4,E09,GovReport-GAO-2K,high_poisson,7B,Qwen/Qwen2.5-7B,1.40285315,1,0,200,4,custom,/workspace/DATASET/vllm_custom/gov_report_gao_2K.jsonl,200,0,332.64620322501287,0.6012393890595932,76.95864179962793,1646.5692218633283,49619.02431763476,116022.4254915188,1385.139610225181,1969.0163582308203,1385.1396116505352,2548.5997344576754,,,,,111.12407255311346,156.0,38182.584775686264,190.91292387843131,1.4915072178002446,0.6704627292886011,0.69254698852802
0031_E07_GovReport-GAO-2K_medium_poisson_14B_qps-auto-medium_burst-1_seed-0_mb-1,0031_E07_GovReport-GAO-2K_medium_poisson_14B_qps-auto-medium_burst-1_seed-0_mb-1,E07,GovReport-GAO-2K,medium_poisson,14B,Qwen/Qwen2.5-14B,0.324692567,1,0,200,1,custom,/workspace/DATASET/vllm_custom/gov_report_gao_2K.jsonl,200,0,727.1948106091004,0.27502946539522116,35.20377157058831,753.2025696679876,36297.72288723616,67361.37258231403,1013.1900217498682,1209.071370843123,1013.1900235507765,3832.1533239493147,,,,,114.49958066263873,169.0,84222.04086112976,421.1102043056488,3.289923471137881,0.3039584381742872,0.3074576462800559
0032_E07_GovReport-GAO-2K_medium_poisson_14B_qps-auto-medium_burst-1_seed-0_mb-2,0032_E07_GovReport-GAO-2K_medium_poisson_14B_qps-auto-medium_burst-1_seed-0_mb-2,E07,GovReport-GAO-2K,medium_poisson,14B,Qwen/Qwen2.5-14B,0.324692567,1,0,200,2,custom,/workspace/DATASET/vllm_custom/gov_report_gao_2K.jsonl,200,0,810.2537544011138,0.24683625211687765,31.59504027096034,675.9919309535841,58196.93261326291,131553.9721091208,1167.0745145394942,1298.4769119174716,1167.0745165637459,3981.190079113003,,,,,119.45040562342032,159.0,97975.06097316742,489.8753048658371,3.8271508192643524,0.2612909830901877,0.26450341550590417
0033_E07_GovReport-GAO-2K_medium_poisson_14B_qps-auto-medium_burst-1_seed-0_mb-4,0033_E07_GovReport-GAO-2K_medium_poisson_14B_qps-auto-medium_burst-1_seed-0_mb-4,E07,GovReport-GAO-2K,medium_poisson,14B,Qwen/Qwen2.5-14B,0.324692567,1,0,200,4,custom,/workspace/DATASET/vllm_custom/gov_report_gao_2K.jsonl,200,0,1000.2762709469534,0.1999447610715204,25.59292941715461,547.5737212894925,123390.04485906917,270555.78445611283,1471.7854923211905,1612.7423215548388,1471.7854940652935,3856.615252341144,,,,,127.62672555351246,164.0,128882.3858730793,644.4119293653965,5.03446819816716,0.19863071145509634,0.20052954666163383
0034_E10_GovReport-GAO-2K_high_poisson_14B_qps-auto-high_burst-1_seed-0_mb-1,0034_E10_GovReport-GAO-2K_high_poisson_14B_qps-auto-high_burst-1_seed-0_mb-1,E10,GovReport-GAO-2K,high_poisson,14B,Qwen/Qwen2.5-14B,0.649385134,1,0,200,1,custom,/workspace/DATASET/vllm_custom/gov_report_gao_2K.jsonl,200,0,654.6009466899559,0.30552965285387473,39.107795565295966,836.7311455469428,141518.2690102735,305304.28533920314,992.1430486409583,1130.595826552685,992.143050334728,3761.7882959055714,,,,,121.235184264232,171.0,80465.20934724808,402.3260467362404,3.1431722401268782,0.31814992103634565,0.32257793645168675
0035_E10_GovReport-GAO-2K_high_poisson_14B_qps-auto-high_burst-1_seed-0_mb-2,0035_E10_GovReport-GAO-2K_high_poisson_14B_qps-auto-high_burst-1_seed-0_mb-2,E10,GovReport-GAO-2K,high_poisson,14B,Qwen/Qwen2.5-14B,0.649385134,1,0,200,2,custom,/workspace/DATASET/vllm_custom/gov_report_gao_2K.jsonl,200,0,766.5618453079369,0.2609052370975464,33.39587034848594,714.5216049462681,179458.14770427998,389819.86268286355,1163.7870348123631,1297.7950192833355,1163.7870366090733,4089.2171926447195,,,,,121.02664571081729,182.0,93843.31715607643,469.21658578038216,3.6657545764092356,0.2727951310312604,0.2759381634708979
0036_E10_GovReport-GAO-2K_high_poisson_14B_qps-auto-high_burst-1_seed-0_mb-4,0036_E10_GovReport-GAO-2K_high_poisson_14B_qps-auto-high_burst-1_seed-0_mb-4,E10,GovReport-GAO-2K,high_poisson,14B,Qwen/Qwen2.5-14B,0.649385134,1,0,200,4,custom,/workspace/DATASET/vllm_custom/gov_report_gao_2K.jsonl,200,0,959.4152048761025,0.20846031935237852,26.68292087710445,570.8946420864077,241435.92491511256,530353.207582843,1461.7364141702426,1620.1477435438533,1461.7364166111697,3859.612117910292,,,,,127.59875488770382,164.0,123553.99518752098,617.769975937605,4.826327937012539,0.20719686126819487,0.20911584051574297
0037_E06_GovReport-GAO-3K_medium_poisson_3B_qps-auto-medium_burst-1_seed-0_mb-1,0037_E06_GovReport-GAO-3K_medium_poisson_3B_qps-auto-medium_burst-1_seed-0_mb-1,E06,GovReport-GAO-3K,medium_poisson,3B,Qwen/Qwen2.5-3B,0.621783945,1,0,200,1,custom,/workspace/DATASET/vllm_custom/gov_report_gao_3K.jsonl,200,0,343.3292577089742,0.582531186927074,74.56399192666547,2349.10361377838,3836.8787436862476,9433.452619069722,508.265693892998,911.7616246564049,508.265696084356,1872.5806462508624,,,,,99.80480809203081,161.0,35297.90761590004,176.4895380795002,1.3788245162460953,0.7252554536254837,0.747098194486877
0038_E06_GovReport-GAO-3K_medium_poisson_3B_qps-auto-medium_burst-1_seed-0_mb-2,0038_E06_GovReport-GAO-3K_medium_poisson_3B_qps-auto-medium_burst-1_seed-0_mb-2,E06,GovReport-GAO-3K,medium_poisson,3B,Qwen/Qwen2.5-3B,0.621783945,1,0,200,2,custom,/workspace/DATASET/vllm_custom/gov_report_gao_3K.jsonl,200,0,382.0719170458615,0.5234616601669608,67.00309250137099,2110.901021556083,9278.72256565839,26876.756735874784,1063.869023660792,1761.3742411988567,1063.8690254816374,2387.965834354982,,,,,91.40424156125789,153.0,35986.509412527084,179.93254706263542,1.4057230239268392,0.7113776917493563,0.733041392356682
0039_E06_GovReport-GAO-3K_medium_poisson_3B_qps-auto-medium_burst-1_seed-0_mb-4,0039_E06_GovReport-GAO-3K_medium_poisson_3B_qps-auto-medium_burst-1_seed-0_mb-4,E06,GovReport-GAO-3K,medium_poisson,3B,Qwen/Qwen2.5-3B,0.621783945,1,0,200,4,custom,/workspace/DATASET/vllm_custom/gov_report_gao_3K.jsonl,200,0,400.07138971285895,0.499910778782619,63.988579684175235,2015.930208303214,13136.06011928874,26861.185645523932,1223.5888769299224,1781.298371262731,1223.588878894949,2067.9354953859,,,,,91.30100647813553,154.0,37457.543587207794,187.28771793603897,1.4631852963753045,0.6834404381162547,0.7008529495181306
0040_E09_GovReport-GAO-3K_high_poisson_3B_qps-auto-high_burst-1_seed-0_mb-1,0040_E09_GovReport-GAO-3K_high_poisson_3B_qps-auto-high_burst-1_seed-0_mb-1,E09,GovReport-GAO-3K,high_poisson,3B,Qwen/Qwen2.5-3B,1.24356789,1,0,200,1,custom,/workspace/DATASET/vllm_custom/gov_report_gao_3K.jsonl,200,0,325.0870213799644,0.6152198852818499,78.74814531607679,2480.9234049898823,58025.269378892845,138568.39955221396,1173.5281406040394,1704.6131791481125,1173.5281423514975,2104.0842908248305,,,,,102.39819661085615,164.0,34305.597486019135,171.52798743009566,1.3400624017976224,0.7462339057185345,0.7690384003083898
0041_E09_GovReport-GAO-3K_high_poisson_3B_qps-auto-high_burst-1_seed-0_mb-2,0041_E09_GovReport-GAO-3K_high_poisson_3B_qps-auto-high_burst-1_seed-0_mb-2,E09,GovReport-GAO-3K,high_poisson,3B,Qwen/Qwen2.5-3B,1.24356789,1,0,200,2,custom,/workspace/DATASET/vllm_custom/gov_report_gao_3K.jsonl,200,0,377.1465789079666,0.5302977971564873,67.87811803603037,2138.4682908573072,71956.77667814773,181685.23549094793,1389.7091198168187,2029.7118625828195,1389.7091215068392,2448.5439241398126,,,,,88.6015934674624,154.0,34642.31630778313,173.21158153891562,1.3532154807727783,0.7389806089337168,0.7661049353582743
0042_E09_GovReport-GAO-3K_high_poisson_3B_qps-auto-high_burst-1_seed-0_mb-4,0042_E09_GovReport-GAO-3K_high_poisson_3B_qps-auto-high_burst-1_seed-0_mb-4,E09,GovReport-GAO-3K,high_poisson,3B,Qwen/Qwen2.5-3B,1.24356789,1,0,200,4,custom,/workspace/DATASET/vllm_custom/gov_report_gao_3K.jsonl,200,0,379.13817557203583,0.5275121654479772,67.52155717734108,2127.235008142204,71148.3630728221,164132.27376433555,1345.3430889556312,1820.4506768440779,1345.343090884633,2051.8678813101724,,,,,93.59132452794255,164.0,36489.86483120918,182.44932415604592,1.4253853449691087,0.7015646705850426,0.721451026768853
0043_E07_GovReport-GAO-3K_medium_poisson_7B_qps-auto-medium_burst-1_seed-0_mb-1,0043_E07_GovReport-GAO-3K_medium_poisson_7B_qps-auto-medium_burst-1_seed-0_mb-1,E07,GovReport-GAO-3K,medium_poisson,7B,Qwen/Qwen2.5-7B,0.426600628,1,0,200,1,custom,/workspace/DATASET/vllm_custom/gov_report_gao_3K.jsonl,200,0,502.85969651513733,0.3977252529602549,50.90883237891263,1603.8589005824647,7802.505369056016,17741.711330511604,1000.5101595008031,1662.7469290103616,1000.5101613865022,2984.5331997424364,,,,,109.22482283991299,165.0,56143.87900471687,280.71939502358435,2.1931202736217528,0.4559713445850302,0.46609214879229355
0044_E07_GovReport-GAO-3K_medium_poisson_7B_qps-auto-medium_burst-1_seed-0_mb-2,0044_E07_GovReport-GAO-3K_medium_poisson_7B_qps-auto-medium_burst-1_seed-0_mb-2,E07,GovReport-GAO-3K,medium_poisson,7B,Qwen/Qwen2.5-7B,0.426600628,1,0,200,2,custom,/workspace/DATASET/vllm_custom/gov_report_gao_3K.jsonl,200,0,532.6764083730523,0.37546247000286315,48.05919616036648,1514.0824472841457,9358.698675549822,21828.818800295692,1247.544514553935,1796.942759107736,1247.5445166657546,2918.562988671474,,,,,106.70062155441069,159.0,57860.113654613495,289.3005682730675,2.2601606896333397,0.4424464174546048,0.45041158580186225
0045_E07_GovReport-GAO-3K_medium_poisson_7B_qps-auto-medium_burst-1_seed-0_mb-4,0045_E07_GovReport-GAO-3K_medium_poisson_7B_qps-auto-medium_burst-1_seed-0_mb-4,E07,GovReport-GAO-3K,medium_poisson,7B,Qwen/Qwen2.5-7B,0.426600628,1,0,200,4,custom,/workspace/DATASET/vllm_custom/gov_report_gao_3K.jsonl,200,0,561.8069872730412,0.355994148401004,45.567250995328514,1435.5748829589209,11873.939240524778,25179.9790556659,1578.6883195330422,2151.09170751428,1578.6883213513854,2731.7992393602617,,,,,109.5067217365572,163.0,62521.526315927505,312.60763157963754,2.4422471217159183,0.40945897370836165,0.41611373505409727
0046_E10_GovReport-GAO-3K_high_poisson_7B_qps-auto-high_burst-1_seed-0_mb-1,0046_E10_GovReport-GAO-3K_high_poisson_7B_qps-auto-high_burst-1_seed-0_mb-1,E10,GovReport-GAO-3K,high_poisson,7B,Qwen/Qwen2.5-7B,0.853201256,1,0,200,1,custom,/workspace/DATASET/vllm_custom/gov_report_gao_3K.jsonl,200,0,468.378282349091,0.4270052808531722,54.65667594920604,1721.932955462885,84236.47086450364,197933.22761417364,1697.8866324020094,2443.9284203906254,1697.8866343203415,2990.5271751713008,,,,,112.14575695334766,166.0,53530.700359106064,267.6535017955303,2.0910429827775805,0.4782302459759469,0.48737176897332884
0047_E10_GovReport-GAO-3K_high_poisson_7B_qps-auto-high_burst-1_seed-0_mb-2,0047_E10_GovReport-GAO-3K_high_poisson_7B_qps-auto-high_burst-1_seed-0_mb-2,E10,GovReport-GAO-3K,high_poisson,7B,Qwen/Qwen2.5-7B,0.853201256,1,0,200,2,custom,/workspace/DATASET/vllm_custom/gov_report_gao_3K.jsonl,200,0,531.157556891907,0.37653610949321564,48.1966220151316,1518.4119844201514,97913.91772648436,247549.17931682427,1957.280544591279,2844.5173731869763,1957.2805463011543,3440.8779022446834,,,,,96.96854087100967,165.0,52402.375670194626,262.0118783509731,2.0469677996169775,0.48852746984447776,0.49703359029857047
0048_E10_GovReport-GAO-3K_high_poisson_7B_qps-auto-high_burst-1_seed-0_mb-4,0048_E10_GovReport-GAO-3K_high_poisson_7B_qps-auto-high_burst-1_seed-0_mb-4,E10,GovReport-GAO-3K,high_poisson,7B,Qwen/Qwen2.5-7B,0.853201256,1,0,200,4,custom,/workspace/DATASET/vllm_custom/gov_report_gao_3K.jsonl,200,0,525.8349239130039,0.38034750242851645,48.684480310850105,1533.7817313431867,90526.46302637411,215692.68972287883,1871.5149492999412,2558.5718122067656,1871.51495107764,2863.1032943190075,,,,,107.77743432979602,166.0,57733.74165248871,288.66870826244354,2.25522428330034,0.4434148778038963,0.45171311243016715
0049_E08_GovReport-GAO-3K_medium_poisson_14B_qps-auto-medium_burst-1_seed-0_mb-1,0049_E08_GovReport-GAO-3K_medium_poisson_14B_qps-auto-medium_burst-1_seed-0_mb-1,E08,GovReport-GAO-3K,medium_poisson,14B,Qwen/Qwen2.5-14B,0.200094909,1,0,200,1,custom,/workspace/DATASET/vllm_custom/gov_report_gao_3K.jsonl,200,0,1109.1220619420055,0.18032280383081742,23.08131889034463,727.1661322720778,43925.43356239679,90679.00499659123,1058.9205023991383,1239.1088861649064,1058.9205049151028,4929.616820400115,,,,,119.31762884671984,182.0,133437.07730317116,667.1853865158558,5.212385832155124,0.19185072483142293,0.1934443310132806
0050_E08_GovReport-GAO-3K_medium_poisson_14B_qps-auto-medium_burst-1_seed-0_mb-2,0050_E08_GovReport-GAO-3K_medium_poisson_14B_qps-auto-medium_burst-1_seed-0_mb-2,E08,GovReport-GAO-3K,medium_poisson,14B,Qwen/Qwen2.5-14B,0.200094909,1,0,200,2,custom,/workspace/DATASET/vllm_custom/gov_report_gao_3K.jsonl,200,0,1164.121761328075,0.17180333419060242,21.99082677639711,692.8106893903396,59227.10549005424,108962.12666388834,1158.6589602068593,1327.4739260871997,1158.6589624770315,3829.615744019393,,,,,127.78483159128122,166.0,150027.30715298653,750.1365357649327,5.860441685663536,0.1706356028499202,0.17209262243843304
0051_E08_GovReport-GAO-3K_medium_poisson_14B_qps-auto-medium_burst-1_seed-0_mb-4,0051_E08_GovReport-GAO-3K_medium_poisson_14B_qps-auto-medium_burst-1_seed-0_mb-4,E08,GovReport-GAO-3K,medium_poisson,14B,Qwen/Qwen2.5-14B,0.200094909,1,0,200,4,custom,/workspace/DATASET/vllm_custom/gov_report_gao_3K.jsonl,200,0,1416.7645540111698,0.14116671639882317,18.069339699049365,569.2660772155664,154360.75224163942,309789.2751957988,1476.513730637577,1585.0571810928043,1476.5137331178375,3561.7581547424197,,,,,129.26231596494148,163.0,184303.048453331,921.5152422666549,7.199337830208242,0.1389016634007679,0.13978814756769584
0052_E11_GovReport-GAO-3K_high_poisson_14B_qps-auto-high_burst-1_seed-0_mb-1,0052_E11_GovReport-GAO-3K_high_poisson_14B_qps-auto-high_burst-1_seed-0_mb-1,E11,GovReport-GAO-3K,high_poisson,14B,Qwen/Qwen2.5-14B,0.400189818,1,0,200,1,custom,/workspace/DATASET/vllm_custom/gov_report_gao_3K.jsonl,200,0,1032.3849717651028,0.19372618303233663,24.79695142813909,781.2163311725401,238358.18342939136,486636.7421323573,1094.2808174816653,1294.1920500822682,1094.2808195886726,4811.972308084369,,,,,121.53120734605267,188.0,126574.81802201271,632.8740901100635,4.9443288289848715,0.2022519202480535,0.20403772800126382
0053_E11_GovReport-GAO-3K_high_poisson_14B_qps-auto-high_burst-1_seed-0_mb-2,0053_E11_GovReport-GAO-3K_high_poisson_14B_qps-auto-high_burst-1_seed-0_mb-2,E11,GovReport-GAO-3K,high_poisson,14B,Qwen/Qwen2.5-14B,0.400189818,1,0,200,2,custom,/workspace/DATASET/vllm_custom/gov_report_gao_3K.jsonl,200,0,1093.3728208360262,0.1829202228084231,23.413788519478157,737.6404320927909,251245.69274610025,522064.31363905076,1161.7458967855164,1254.036932491338,1161.7458990872399,3880.231675032992,,,,,129.14066850457567,169.0,142416.48907995224,712.0824453997612,5.563144104685635,0.17975446639207787,0.18130453241883726
0054_E11_GovReport-GAO-3K_high_poisson_14B_qps-auto-high_burst-1_seed-0_mb-4,0054_E11_GovReport-GAO-3K_high_poisson_14B_qps-auto-high_burst-1_seed-0_mb-4,E11,GovReport-GAO-3K,high_poisson,14B,Qwen/Qwen2.5-14B,0.400189818,1,0,200,4,custom,/workspace/DATASET/vllm_custom/gov_report_gao_3K.jsonl,200,0,1386.6615643259138,0.14423129994031697,18.461606392360572,581.6242555133234,367179.4433100999,763577.8722567973,1490.8605860892085,1590.9076535708516,1490.8605883742396,3714.6457160194036,,,,,130.09353750746186,172.0,181660.3213572502,908.3016067862511,7.096106303017587,0.1409223533721239,0.1419102497024624
0055_E07_GovReport-GAO-3.5K_medium_poisson_3B_qps-auto-medium_burst-1_seed-0_mb-1,0055_E07_GovReport-GAO-3.5K_medium_poisson_3B_qps-auto-medium_burst-1_seed-0_mb-1,E07,GovReport-GAO-3.5K,medium_poisson,3B,Qwen/Qwen2.5-3B,0.487537066,1,0,200,1,custom,/workspace/DATASET/vllm_custom/gov_report_gao_3.5K.jsonl,200,0,431.00129945692606,0.4640357239108228,59.39657266058532,2173.081615253003,3473.3172893861774,9162.382262372412,379.52665573248174,703.3885264450016,379.5266583143719,1608.1658825511113,,,,,102.73906594192113,165.0,45205.89926862717,226.02949634313583,1.7658554401807487,0.5662977711797532,0.5781303549534165
0056_E07_GovReport-GAO-3.5K_medium_poisson_3B_qps-auto-medium_burst-1_seed-0_mb-2,0056_E07_GovReport-GAO-3.5K_medium_poisson_3B_qps-auto-medium_burst-1_seed-0_mb-2,E07,GovReport-GAO-3.5K,medium_poisson,3B,Qwen/Qwen2.5-3B,0.487537066,1,0,200,2,custom,/workspace/DATASET/vllm_custom/gov_report_gao_3.5K.jsonl,200,0,456.39029034017585,0.4382214175742601,56.09234144950529,2052.1930896073477,7631.835976047441,16151.997357984063,903.3350590610689,1401.0018793140414,903.3350616070537,2254.0765249193646,,,,,93.27649061761817,157.0,43506.604308366776,217.53302154183388,1.6994767307955772,0.5884164118751243,0.6013556157408704
0057_E07_GovReport-GAO-3.5K_medium_poisson_3B_qps-auto-medium_burst-1_seed-0_mb-4,0057_E07_GovReport-GAO-3.5K_medium_poisson_3B_qps-auto-medium_burst-1_seed-0_mb-4,E07,GovReport-GAO-3.5K,medium_poisson,3B,Qwen/Qwen2.5-3B,0.487537066,1,0,200,4,custom,/workspace/DATASET/vllm_custom/gov_report_gao_3.5K.jsonl,200,0,490.1306309378706,0.4080544805316446,52.23097350805051,1910.9211726020944,11947.767106178217,27211.501593741104,1338.8229230648335,1917.9877259378052,1338.8229251197836,2314.6620666841045,,,,,93.11204533703398,165.0,46525.64649939537,232.62823249697686,1.8174080663826317,0.5502341595690172,0.5609475478601306
0058_E10_GovReport-GAO-3.5K_high_poisson_3B_qps-auto-high_burst-1_seed-0_mb-1,0058_E10_GovReport-GAO-3.5K_high_poisson_3B_qps-auto-high_burst-1_seed-0_mb-1,E10,GovReport-GAO-3.5K,high_poisson,3B,Qwen/Qwen2.5-3B,0.975074132,1,0,200,1,custom,/workspace/DATASET/vllm_custom/gov_report_gao_3.5K.jsonl,200,0,412.56135025410913,0.4847763850802163,62.05137729026769,2270.2102352125785,74695.93784278026,183359.36708664286,1368.238818213118,1953.2394794283405,1368.2388203695514,2298.622262047138,,,,,99.14039374664047,167.0,41823.16702365875,209.11583511829377,1.63371746186167,0.6121009436114309,0.625893996838906
0059_E10_GovReport-GAO-3.5K_high_poisson_3B_qps-auto-high_burst-1_seed-0_mb-2,0059_E10_GovReport-GAO-3.5K_high_poisson_3B_qps-auto-high_burst-1_seed-0_mb-2,E10,GovReport-GAO-3.5K,high_poisson,3B,Qwen/Qwen2.5-3B,0.975074132,1,0,200,2,custom,/workspace/DATASET/vllm_custom/gov_report_gao_3.5K.jsonl,200,0,466.925829119049,0.4283335543406131,54.82669495559848,2005.8881766448628,90206.35066377698,227489.1178911924,1567.1785579448726,2230.8265953962177,1567.178559677756,2726.9875237951055,,,,,83.95470690205148,158.0,39981.74378442764,199.9087189221382,1.5617868665792047,0.6402922328257944,0.6530508768205675
0060_E10_GovReport-GAO-3.5K_high_poisson_3B_qps-auto-high_burst-1_seed-0_mb-4,0060_E10_GovReport-GAO-3.5K_high_poisson_3B_qps-auto-high_burst-1_seed-0_mb-4,E10,GovReport-GAO-3.5K,high_poisson,3B,Qwen/Qwen2.5-3B,0.975074132,1,0,200,4,custom,/workspace/DATASET/vllm_custom/gov_report_gao_3.5K.jsonl,200,0,462.91064870916307,0.43204882099321884,55.30224908713201,2023.2867889553488,86459.6311337233,203999.26082687915,1511.3937729160032,2010.5328885398026,1511.3937747203672,2308.72519324068,,,,,92.25685276801647,150.0,43607.288602113724,218.03644301056863,1.7034097110200674,0.5870578249792655,0.599437845838853
0061_E08_GovReport-GAO-3.5K_medium_poisson_7B_qps-auto-medium_burst-1_seed-0_mb-1,0061_E08_GovReport-GAO-3.5K_medium_poisson_7B_qps-auto-medium_burst-1_seed-0_mb-1,E08,GovReport-GAO-3.5K,medium_poisson,7B,Qwen/Qwen2.5-7B,0.337689061,1,0,200,1,custom,/workspace/DATASET/vllm_custom/gov_report_gao_3.5K.jsonl,200,0,621.7906790850684,0.32165165340575586,41.17141163593675,1506.2963011574218,5676.714289173251,14266.669520817228,606.0220979573388,1090.0566976968614,606.0221001241213,2488.359433845617,,,,,116.58192998128865,164.0,73619.92268490791,368.09961342453954,2.875778229879215,0.34773195986047944,0.35315431510307593
0062_E08_GovReport-GAO-3.5K_medium_poisson_7B_qps-auto-medium_burst-1_seed-0_mb-2,0062_E08_GovReport-GAO-3.5K_medium_poisson_7B_qps-auto-medium_burst-1_seed-0_mb-2,E08,GovReport-GAO-3.5K,medium_poisson,7B,Qwen/Qwen2.5-7B,0.337689061,1,0,200,2,custom,/workspace/DATASET/vllm_custom/gov_report_gao_3.5K.jsonl,200,0,636.7313246820122,0.31410422614260625,40.2053409462536,1470.9516615469558,7255.881323183421,19651.259431368668,936.1051957460402,1658.59071257053,936.1051977955,2714.154709512368,,,,,110.19573648004672,161.0,71195.56694197655,355.97783470988276,2.781076833670959,0.3595729495470366,0.3648538703086179
0063_E08_GovReport-GAO-3.5K_medium_poisson_7B_qps-auto-medium_burst-1_seed-0_mb-4,0063_E08_GovReport-GAO-3.5K_medium_poisson_7B_qps-auto-medium_burst-1_seed-0_mb-4,E08,GovReport-GAO-3.5K,medium_poisson,7B,Qwen/Qwen2.5-7B,0.337689061,1,0,200,4,custom,/workspace/DATASET/vllm_custom/gov_report_gao_3.5K.jsonl,200,0,688.2676997669041,0.2905846083838223,37.19482987312925,1360.8091739844817,12603.222476753872,27990.10652457364,1645.1067919014333,2212.0887253155533,1645.1067935716083,2963.3109456487,,,,,107.53308835962255,168.0,74941.76440763474,374.70882203817365,2.9274126721732316,0.3415985759389458,0.3458919523332084
0064_E11_GovReport-GAO-3.5K_high_poisson_7B_qps-auto-high_burst-1_seed-0_mb-1,0064_E11_GovReport-GAO-3.5K_high_poisson_7B_qps-auto-high_burst-1_seed-0_mb-1,E11,GovReport-GAO-3.5K,high_poisson,7B,Qwen/Qwen2.5-7B,0.675378123,1,0,200,1,custom,/workspace/DATASET/vllm_custom/gov_report_gao_3.5K.jsonl,200,0,594.4671673527919,0.33643573772226215,43.063774428449555,1575.5302419320421,109101.57349067624,265024.19997939136,1983.375577761867,2810.6929089792447,1983.3755793247103,3306.4746423554607,,,,,106.55901564749837,170.0,64337.88946700096,321.6894473350048,2.513198807304725,0.3978992816220727,0.4041307454538272
0065_E11_GovReport-GAO-3.5K_high_poisson_7B_qps-auto-high_burst-1_seed-0_mb-2,0065_E11_GovReport-GAO-3.5K_high_poisson_7B_qps-auto-high_burst-1_seed-0_mb-2,E11,GovReport-GAO-3.5K,high_poisson,7B,Qwen/Qwen2.5-7B,0.675378123,1,0,200,2,custom,/workspace/DATASET/vllm_custom/gov_report_gao_3.5K.jsonl,200,0,652.7382822788786,0.3064015171620517,39.21939419674262,1434.8798368774742,122961.96777496138,308259.492704533,2182.662712485368,3098.5333146013168,2182.6627140865467,3808.237911434844,,,,,90.96217815084489,164.0,60245.269248485565,301.22634624242784,2.3533308300189675,0.4249296304812104,0.4311615552092882
0066_E11_GovReport-GAO-3.5K_high_poisson_7B_qps-auto-high_burst-1_seed-0_mb-4,0066_E11_GovReport-GAO-3.5K_high_poisson_7B_qps-auto-high_burst-1_seed-0_mb-4,E11,GovReport-GAO-3.5K,high_poisson,7B,Qwen/Qwen2.5-7B,0.675378123,1,0,200,4,custom,/workspace/DATASET/vllm_custom/gov_report_gao_3.5K.jsonl,200,0,640.6418383629061,0.3121869163448321,39.95992529213851,1461.9728901774304,113135.06441395031,266774.298224356,2080.04652693391,2763.2885003352253,2080.0465287071634,3185.2874864730984,,,,,106.07022172428468,171.0,68996.26525950432,344.9813262975216,2.6951666116993875,0.37103457562108505,0.3767308547351676
0067_E09_GovReport-GAO-3.5K_medium_poisson_14B_qps-auto-medium_burst-1_seed-0_mb-1,0067_E09_GovReport-GAO-3.5K_medium_poisson_14B_qps-auto-medium_burst-1_seed-0_mb-1,E09,GovReport-GAO-3.5K,medium_poisson,14B,Qwen/Qwen2.5-14B,0.180724611,1,0,200,1,custom,/workspace/DATASET/vllm_custom/gov_report_gao_3.5K.jsonl,200,0,1278.0208763398696,0.15649196636973647,20.03097169532627,732.8526609693077,67941.0178711277,130000.32922385259,1072.8839949582516,1228.4530294440892,1072.8839972643566,4655.288356705569,,,,,119.42130905500156,170.0,153790.23397660255,768.9511698830128,6.007431014711037,0.16646050492318484,0.1677336469833927
0068_E09_GovReport-GAO-3.5K_medium_poisson_14B_qps-auto-medium_burst-1_seed-0_mb-2,0068_E09_GovReport-GAO-3.5K_medium_poisson_14B_qps-auto-medium_burst-1_seed-0_mb-2,E09,GovReport-GAO-3.5K,medium_poisson,14B,Qwen/Qwen2.5-14B,0.180724611,1,0,200,2,custom,/workspace/DATASET/vllm_custom/gov_report_gao_3.5K.jsonl,200,0,1375.6551364811603,0.14538527476558366,18.60931516999471,680.8399686536022,101171.97563197464,200365.7656242861,1212.2777684525254,1330.5881565267323,1212.2777702425346,4211.256725108251,,,,,124.15494783385162,165.0,172051.50150489807,860.2575075244904,6.720761777535081,0.1487926567108233,0.14988782561367048
0069_E09_GovReport-GAO-3.5K_medium_poisson_14B_qps-auto-medium_burst-1_seed-0_mb-4,0069_E09_GovReport-GAO-3.5K_medium_poisson_14B_qps-auto-medium_burst-1_seed-0_mb-4,E09,GovReport-GAO-3.5K,medium_poisson,14B,Qwen/Qwen2.5-14B,0.180724611,1,0,200,4,custom,/workspace/DATASET/vllm_custom/gov_report_gao_3.5K.jsonl,200,0,1704.4990075440146,0.11733653062560406,15.01907592007732,549.487559602357,228642.2495065024,480003.78015524475,1543.5645687633732,1645.1490452758578,1543.564570605953,4002.756106331945,,,,,127.9667018753092,167.0,219329.69674682617,1096.6484837341309,8.567566279172897,0.11671926045450316,0.11736706268097706
0070_E12_GovReport-GAO-3.5K_high_poisson_14B_qps-auto-high_burst-1_seed-0_mb-1,0070_E12_GovReport-GAO-3.5K_high_poisson_14B_qps-auto-high_burst-1_seed-0_mb-1,E12,GovReport-GAO-3.5K,high_poisson,14B,Qwen/Qwen2.5-14B,0.361449221,1,0,200,1,custom,/workspace/DATASET/vllm_custom/gov_report_gao_3.5K.jsonl,200,0,1140.5712106190622,0.1753507349106655,22.444894068565183,821.1683683403211,263836.12176207476,542051.0103734442,1041.1923094488054,1131.0280423241254,1041.1923112084917,4285.17815471394,,,,,129.03530949863656,176.0,148449.99047398567,742.2499523699283,5.798827752890065,0.1724486469703488,0.17394381550115431
0071_E12_GovReport-GAO-3.5K_high_poisson_14B_qps-auto-high_burst-1_seed-0_mb-2,0071_E12_GovReport-GAO-3.5K_high_poisson_14B_qps-auto-high_burst-1_seed-0_mb-2,E12,GovReport-GAO-3.5K,high_poisson,14B,Qwen/Qwen2.5-14B,0.361449221,1,0,200,2,custom,/workspace/DATASET/vllm_custom/gov_report_gao_3.5K.jsonl,200,0,1322.7508939320687,0.15120004901714412,19.353606274194448,708.070585547531,337236.6185420356,697622.9518509214,1221.0984577725303,1300.6010843081924,1221.09845961511,4210.8649165253155,,,,,127.68954461639355,170.0,170123.0161831379,850.6150809156894,6.645430319653824,0.1504793447374665,0.15156766618862008
0072_E12_GovReport-GAO-3.5K_high_poisson_14B_qps-auto-high_burst-1_seed-0_mb-4,0072_E12_GovReport-GAO-3.5K_high_poisson_14B_qps-auto-high_burst-1_seed-0_mb-4,E12,GovReport-GAO-3.5K,high_poisson,14B,Qwen/Qwen2.5-14B,0.361449221,1,0,200,4,custom,/workspace/DATASET/vllm_custom/gov_report_gao_3.5K.jsonl,200,0,1666.9158325979952,0.11998206273455762,15.357704030023376,561.876599696247,477637.9417707585,988451.5340624703,1557.9845414397778,1626.3650328481167,1557.9845435662914,4081.632494623773,,,,,127.3154132711211,165.0,213474.82039999962,1067.3741019999982,8.338860171874986,0.11992046627340808,0.12062721736070393
0073_E08_GovReport-GAO-3.8K_medium_poisson_3B_qps-auto-medium_burst-1_seed-0_mb-1,0073_E08_GovReport-GAO-3.8K_medium_poisson_3B_qps-auto-medium_burst-1_seed-0_mb-1,E08,GovReport-GAO-3.8K,medium_poisson,3B,Qwen/Qwen2.5-3B,0.445735529,1,0,200,1,custom,/workspace/DATASET/vllm_custom/gov_report_gao_3.8K.jsonl,200,0,468.68026666902006,0.4267301489380587,54.621459064071516,2136.430891610625,3629.6544497355353,9882.826209247578,367.13727127188656,685.210772997509,367.13727377719016,1636.127581789624,,,,,104.75470533046598,165.0,50050.451699495316,250.2522584974766,1.9550957695115359,0.5114838953642877,0.521422487818176
0074_E08_GovReport-GAO-3.8K_medium_poisson_3B_qps-auto-medium_burst-1_seed-0_mb-2,0074_E08_GovReport-GAO-3.8K_medium_poisson_3B_qps-auto-medium_burst-1_seed-0_mb-2,E08,GovReport-GAO-3.8K,medium_poisson,3B,Qwen/Qwen2.5-3B,0.445735529,1,0,200,2,custom,/workspace/DATASET/vllm_custom/gov_report_gao_3.8K.jsonl,200,0,488.60526598989964,0.4093283759330878,52.39403211943524,2049.308654034643,7350.109902492259,17801.39611413004,841.8894148873363,1319.148342156834,841.8894166241155,2166.8781895167194,,,,,95.4726997690707,158.0,47524.17682433128,237.62088412165642,1.8564131572004408,0.5386731914290284,0.5487854878532386
0075_E08_GovReport-GAO-3.8K_medium_poisson_3B_qps-auto-medium_burst-1_seed-0_mb-4,0075_E08_GovReport-GAO-3.8K_medium_poisson_3B_qps-auto-medium_burst-1_seed-0_mb-4,E08,GovReport-GAO-3.8K,medium_poisson,3B,Qwen/Qwen2.5-3B,0.445735529,1,0,200,4,custom,/workspace/DATASET/vllm_custom/gov_report_gao_3.8K.jsonl,200,0,534.2434709710069,0.37436114967674333,47.91822715862315,1874.2447112738607,14766.787969366414,31340.603352272858,1387.6705335720083,2026.7737620408045,1387.670535488076,2344.860592489131,,,,,93.34601077176997,160.0,50890.058237075806,254.45029118537903,1.9878928998857737,0.5030452093558264,0.5133398499029885
0076_E11_GovReport-GAO-3.8K_high_poisson_3B_qps-auto-high_burst-1_seed-0_mb-1,0076_E11_GovReport-GAO-3.8K_high_poisson_3B_qps-auto-high_burst-1_seed-0_mb-1,E11,GovReport-GAO-3.8K,high_poisson,3B,Qwen/Qwen2.5-3B,0.891471059,1,0,200,1,custom,/workspace/DATASET/vllm_custom/gov_report_gao_3.8K.jsonl,200,0,451.4670253689401,0.443000238691983,56.704030552573826,2217.8873400149932,83658.96406109328,202645.01667690228,1421.2938157439426,2011.015286852393,1421.2938173913294,2405.278721593786,,,,,100.48301545944233,162.0,46393.57837152481,231.96789185762407,1.812249155137688,0.5518005055568773,0.5643145788699098
0077_E11_GovReport-GAO-3.8K_high_poisson_3B_qps-auto-high_burst-1_seed-0_mb-2,0077_E11_GovReport-GAO-3.8K_high_poisson_3B_qps-auto-high_burst-1_seed-0_mb-2,E11,GovReport-GAO-3.8K,high_poisson,3B,Qwen/Qwen2.5-3B,0.891471059,1,0,200,2,custom,/workspace/DATASET/vllm_custom/gov_report_gao_3.8K.jsonl,200,0,505.57623367686756,0.39558821534286637,50.635291563886895,1980.5183339372904,100178.98360728985,246391.60292709243,1608.74048037724,2252.4991907132057,1608.7404821608418,2840.0204131240025,,,,,88.91433884248575,160.0,45726.2935757637,228.6314678788185,1.7861833428032696,0.5598529423248239,0.569483980008992
0078_E11_GovReport-GAO-3.8K_high_poisson_3B_qps-auto-high_burst-1_seed-0_mb-4,0078_E11_GovReport-GAO-3.8K_high_poisson_3B_qps-auto-high_burst-1_seed-0_mb-4,E11,GovReport-GAO-3.8K,high_poisson,3B,Qwen/Qwen2.5-3B,0.891471059,1,0,200,4,custom,/workspace/DATASET/vllm_custom/gov_report_gao_3.8K.jsonl,200,0,506.29032333707437,0.39503026382521916,50.56387376962805,1977.724941294917,97528.92956787371,227567.12452444478,1579.9055548828355,2081.082874877162,1579.9055567430792,2428.2927848096006,,,,,91.8187689195494,163.0,47322.775671720505,236.61387835860253,1.8485459246765823,0.5409657323904236,0.5506921336957977
0079_E09_GovReport-GAO-3.8K_medium_poisson_7B_qps-auto-medium_burst-1_seed-0_mb-1,0079_E09_GovReport-GAO-3.8K_medium_poisson_7B_qps-auto-medium_burst-1_seed-0_mb-1,E09,GovReport-GAO-3.8K,medium_poisson,7B,Qwen/Qwen2.5-7B,0.308096104,1,0,200,1,custom,/workspace/DATASET/vllm_custom/gov_report_gao_3.8K.jsonl,200,0,677.9582706470974,0.29500340752404136,37.760436163077294,1476.9389848202259,5713.618318511872,15064.13036908954,556.8128891793212,1050.3972512803873,556.8128912990517,2501.638862628024,,,,,117.78972738008113,167.0,80963.2987537384,404.816493768692,3.1626288575679062,0.31619265017679316,0.32057495167836497
0080_E09_GovReport-GAO-3.8K_medium_poisson_7B_qps-auto-medium_burst-1_seed-0_mb-2,0080_E09_GovReport-GAO-3.8K_medium_poisson_7B_qps-auto-medium_burst-1_seed-0_mb-2,E09,GovReport-GAO-3.8K,medium_poisson,7B,Qwen/Qwen2.5-7B,0.308096104,1,0,200,2,custom,/workspace/DATASET/vllm_custom/gov_report_gao_3.8K.jsonl,200,0,693.7214741029311,0.2883001427318148,36.902418269672296,1443.3789890889718,7777.259995187633,22319.150198786516,970.549190565137,1777.014505325039,970.5491925801946,2882.2866127523594,,,,,108.74428674778312,166.0,76529.04331326485,382.6452165663242,2.989415754424408,0.3345135244303091,0.3393504097853177
0081_E09_GovReport-GAO-3.8K_medium_poisson_7B_qps-auto-medium_burst-1_seed-0_mb-4,0081_E09_GovReport-GAO-3.8K_medium_poisson_7B_qps-auto-medium_burst-1_seed-0_mb-4,E09,GovReport-GAO-3.8K,medium_poisson,7B,Qwen/Qwen2.5-7B,0.308096104,1,0,200,4,custom,/workspace/DATASET/vllm_custom/gov_report_gao_3.8K.jsonl,200,0,747.6231880080886,0.26751444204514985,34.24184858177918,1339.3150668156734,14104.054896476446,32337.591075976376,1695.175765844348,2362.837104672771,1695.1757674688183,3054.085654220544,,,,,111.21851904079952,164.0,84266.91629123688,421.33458145618437,3.2916764176264404,0.3037965684127236,0.30787901940339507
0082_E12_GovReport-GAO-3.8K_high_poisson_7B_qps-auto-high_burst-1_seed-0_mb-1,0082_E12_GovReport-GAO-3.8K_high_poisson_7B_qps-auto-high_burst-1_seed-0_mb-1,E12,GovReport-GAO-3.8K,high_poisson,7B,Qwen/Qwen2.5-7B,0.616192208,1,0,200,1,custom,/workspace/DATASET/vllm_custom/gov_report_gao_3.8K.jsonl,200,0,650.3059568728786,0.3075475441771109,39.366085654670194,1539.7413931358683,121398.23217204073,291335.26257864427,2053.5190594548867,2880.843468353218,2053.519060946946,3362.094724837225,,,,,105.88956651368613,166.0,69849.20515227318,349.2460257613659,2.728484576260671,0.3665038126660325,0.37176548125335995
0083_E12_GovReport-GAO-3.8K_high_poisson_7B_qps-auto-high_burst-1_seed-0_mb-2,0083_E12_GovReport-GAO-3.8K_high_poisson_7B_qps-auto-high_burst-1_seed-0_mb-2,E12,GovReport-GAO-3.8K,high_poisson,7B,Qwen/Qwen2.5-7B,0.616192208,1,0,200,2,custom,/workspace/DATASET/vllm_custom/gov_report_gao_3.8K.jsonl,200,0,704.3756100509781,0.28393941690503066,36.344245363843925,1421.5469498262896,134931.64184150286,331402.7770382073,2228.7428082264387,3125.3174571357818,2228.742809769877,3919.0799784543924,,,,,94.65684063349836,164.0,67487.04768443108,337.4352384221554,2.636212800173089,0.3793320478279833,0.38395793817548945
0084_E12_GovReport-GAO-3.8K_high_poisson_7B_qps-auto-high_burst-1_seed-0_mb-4,0084_E12_GovReport-GAO-3.8K_high_poisson_7B_qps-auto-high_burst-1_seed-0_mb-4,E12,GovReport-GAO-3.8K,high_poisson,7B,Qwen/Qwen2.5-7B,0.616192208,1,0,200,4,custom,/workspace/DATASET/vllm_custom/gov_report_gao_3.8K.jsonl,200,0,697.4271481498145,0.28676830337129056,36.70634283152519,1435.7098123529167,127508.58211054932,296412.0598046155,2161.6493797717762,2842.1183022824443,2161.649381445627,3304.7477359324694,,,,,108.42865359292055,165.0,76881.56672143936,384.40783360719684,3.0031862000562253,0.3329796867011703,0.33852991451257675
0085_E10_GovReport-GAO-3.8K_medium_poisson_14B_qps-auto-medium_burst-1_seed-0_mb-1,0085_E10_GovReport-GAO-3.8K_medium_poisson_14B_qps-auto-medium_burst-1_seed-0_mb-1,E10,GovReport-GAO-3.8K,medium_poisson,14B,Qwen/Qwen2.5-14B,0.16137043,1,0,200,1,custom,/workspace/DATASET/vllm_custom/gov_report_gao_3.8K.jsonl,200,0,1361.8756037049461,0.1468562910268055,18.797605251431104,735.2382238700671,51538.063330957666,105428.62670675617,1043.9949583620344,1188.7143863033407,1043.9949604757148,4729.022135711275,,,,,123.12824261878288,173.0,168923.57517409325,844.6178758704663,6.598577155238018,0.15154782257962837,0.15266688496180633
0086_E10_GovReport-GAO-3.8K_medium_poisson_14B_qps-auto-medium_burst-1_seed-0_mb-2,0086_E10_GovReport-GAO-3.8K_medium_poisson_14B_qps-auto-medium_burst-1_seed-0_mb-2,E10,GovReport-GAO-3.8K,medium_poisson,14B,Qwen/Qwen2.5-14B,0.16137043,1,0,200,2,custom,/workspace/DATASET/vllm_custom/gov_report_gao_3.8K.jsonl,200,0,1503.6817996441387,0.13300686358465733,17.024878538836138,665.9008576395407,105120.9689252777,201925.13879571806,1202.3664376331405,1333.5766211137043,1202.3664393636498,4318.583542369306,,,,,124.61285165855845,178.0,188507.71331620216,942.5385665810109,7.363582551414147,0.13580346156477244,0.13662217269118135
0087_E10_GovReport-GAO-3.8K_medium_poisson_14B_qps-auto-medium_burst-1_seed-0_mb-4,0087_E10_GovReport-GAO-3.8K_medium_poisson_14B_qps-auto-medium_burst-1_seed-0_mb-4,E10,GovReport-GAO-3.8K,medium_poisson,14B,Qwen/Qwen2.5-14B,0.16137043,1,0,200,4,custom,/workspace/DATASET/vllm_custom/gov_report_gao_3.8K.jsonl,200,0,1822.3674963340163,0.10974734810752057,14.047660557762633,549.4517445105233,227243.96212872933,465019.06415699975,1533.1988026366264,1614.3645373118975,1533.1988045425103,3994.8778980015777,,,,,127.43746343443458,168.0,233500.93681287766,1167.5046840643884,9.121130344253034,0.10963553444119695,0.11023179667249126
0088_E13_GovReport-GAO-3.8K_high_poisson_14B_qps-auto-high_burst-1_seed-0_mb-1,0088_E13_GovReport-GAO-3.8K_high_poisson_14B_qps-auto-high_burst-1_seed-0_mb-1,E13,GovReport-GAO-3.8K,high_poisson,14B,Qwen/Qwen2.5-14B,0.322740859,1,0,200,1,custom,/workspace/DATASET/vllm_custom/gov_report_gao_3.8K.jsonl,200,0,1246.5110532599501,0.16044783516114683,20.537322900626794,803.284493451809,280292.3665324657,584597.0712977996,1056.533587454565,1136.93371422653,1056.533589821417,4699.724744558333,,,,,128.46247699861544,175.0,161451.43780875206,807.2571890437603,6.306696789404377,0.15856161052170115,0.15987020786504175
0089_E13_GovReport-GAO-3.8K_high_poisson_14B_qps-auto-high_burst-1_seed-0_mb-2,0089_E13_GovReport-GAO-3.8K_high_poisson_14B_qps-auto-high_burst-1_seed-0_mb-2,E13,GovReport-GAO-3.8K,high_poisson,14B,Qwen/Qwen2.5-14B,0.322740859,1,0,200,2,custom,/workspace/DATASET/vllm_custom/gov_report_gao_3.8K.jsonl,200,0,1420.8725559159648,0.14075857765517197,18.017097939862012,704.7099304092833,347798.76055816305,730637.3463860434,1208.3749760091157,1289.3590597267716,1208.3749779574866,4204.862868208416,,,,,132.44789993777815,178.0,189639.8820438385,948.1994102191925,7.407807892337441,0.13499270155674387,0.13603158636963025
0090_E13_GovReport-GAO-3.8K_high_poisson_14B_qps-auto-high_burst-1_seed-0_mb-4,0090_E13_GovReport-GAO-3.8K_high_poisson_14B_qps-auto-high_burst-1_seed-0_mb-4,E13,GovReport-GAO-3.8K,high_poisson,14B,Qwen/Qwen2.5-14B,0.322740859,1,0,200,4,custom,/workspace/DATASET/vllm_custom/gov_report_gao_3.8K.jsonl,200,0,1806.957724683918,0.11068327568924446,14.167459288223291,554.1374799873378,506240.3476889129,1076329.4776639994,1554.5170282567926,1631.844854781672,1554.5170299536512,4147.543567251413,,,,,128.60802545935022,167.0,233539.69933199883,1167.6984966599941,9.122644505156204,0.10961733732305261,0.11015999380770582
0091_E23_LongBench-QMSum-1K_medium_poisson_3B_qps-auto-medium_burst-1_seed-0_mb-1,0091_E23_LongBench-QMSum-1K_medium_poisson_3B_qps-auto-medium_burst-1_seed-0_mb-1,E23,LongBench-QMSum-1K,medium_poisson,3B,Qwen/Qwen2.5-3B,2.26849511,1,0,200,1,custom,/workspace/DATASET/vllm_custom/longbench_qmsum_1K.jsonl,200,0,110.66014319192618,1.8073354527756667,231.33893795528533,2684.9685119662663,2069.1056919447146,3682.0752144395356,443.82652805789974,675.8560912806438,443.8265294912198,1343.9692668872885,,,,,91.92575938322744,144.0,10907.346937894821,54.53673468947411,0.4260682397615165,2.347041874230595,2.516584464544493
0092_E23_LongBench-QMSum-1K_medium_poisson_3B_qps-auto-medium_burst-1_seed-0_mb-2,0092_E23_LongBench-QMSum-1K_medium_poisson_3B_qps-auto-medium_burst-1_seed-0_mb-2,E23,LongBench-QMSum-1K,medium_poisson,3B,Qwen/Qwen2.5-3B,2.26849511,1,0,200,2,custom,/workspace/DATASET/vllm_custom/longbench_qmsum_1K.jsonl,200,0,123.16211122786626,1.6238760281558786,207.85613160395246,2412.4221080482325,2337.96213429654,5454.530991807113,517.2715684206419,713.2094952421754,517.2715698292399,1432.883078593295,,,,,88.05758744622972,136.0,11598.99725651741,57.99498628258705,0.4530858303327113,2.2070873398659963,2.3604568059609274
0093_E23_LongBench-QMSum-1K_medium_poisson_3B_qps-auto-medium_burst-1_seed-0_mb-4,0093_E23_LongBench-QMSum-1K_medium_poisson_3B_qps-auto-medium_burst-1_seed-0_mb-4,E23,LongBench-QMSum-1K,medium_poisson,3B,Qwen/Qwen2.5-3B,2.26849511,1,0,200,4,custom,/workspace/DATASET/vllm_custom/longbench_qmsum_1K.jsonl,200,0,143.52861881791614,1.3934503212472547,178.3616411196486,2070.102829993315,2392.96466056956,4798.87019024929,630.2967437083638,796.2170042525464,630.2967451568271,1340.3241425123997,,,,,87.10681087180743,129.0,13229.903978824615,66.14951989412307,0.5167931241728365,1.9350102646984124,2.0476199201247107
0094_E26_LongBench-QMSum-1K_high_poisson_3B_qps-auto-high_burst-1_seed-0_mb-1,0094_E26_LongBench-QMSum-1K_high_poisson_3B_qps-auto-high_burst-1_seed-0_mb-1,E26,LongBench-QMSum-1K,high_poisson,3B,Qwen/Qwen2.5-3B,4.53699023,1,0,200,1,custom,/workspace/DATASET/vllm_custom/longbench_qmsum_1K.jsonl,200,0,90.90460226591676,2.200108630528455,281.61390470764223,3268.47038096992,10701.348427979974,25830.589151252057,422.435858895641,628.1013563449318,422.43586054778524,1333.0640096543357,,,,,104.06192737344244,151.0,10295.852539539337,51.47926269769668,0.40218173982575534,2.486438097446315,2.7062145764130126
0095_E26_LongBench-QMSum-1K_high_poisson_3B_qps-auto-high_burst-1_seed-0_mb-2,0095_E26_LongBench-QMSum-1K_high_poisson_3B_qps-auto-high_burst-1_seed-0_mb-2,E26,LongBench-QMSum-1K,high_poisson,3B,Qwen/Qwen2.5-3B,4.53699023,1,0,200,2,custom,/workspace/DATASET/vllm_custom/longbench_qmsum_1K.jsonl,200,0,111.02921188692562,1.8013277461041874,230.569951501336,2676.0434929736507,14727.44220671826,35686.180127721746,526.8431576626195,740.162681130432,526.8431590603734,1449.7901576035656,,,,,88.27607638263952,138.0,10546.595218420029,52.732976092100145,0.4119763757195324,2.4273236499385726,2.611918890707292
0096_E26_LongBench-QMSum-1K_high_poisson_3B_qps-auto-high_burst-1_seed-0_mb-4,0096_E26_LongBench-QMSum-1K_high_poisson_3B_qps-auto-high_burst-1_seed-0_mb-4,E26,LongBench-QMSum-1K,high_poisson,3B,Qwen/Qwen2.5-3B,4.53699023,1,0,200,4,custom,/workspace/DATASET/vllm_custom/longbench_qmsum_1K.jsonl,200,0,131.96852428396232,1.515512892829289,193.98565028214898,2251.4383760227274,16531.058716250118,35736.6542237997,636.7035837427578,824.9664041480804,636.7035852283456,1324.3405825085938,,,,,92.17274893009004,129.0,12947.074552059174,64.73537276029587,0.5057450996898115,1.977280651089511,2.10458788019093
0097_E24_LongBench-QMSum-1K_medium_poisson_7B_qps-auto-medium_burst-1_seed-0_mb-1,0097_E24_LongBench-QMSum-1K_medium_poisson_7B_qps-auto-medium_burst-1_seed-0_mb-1,E24,LongBench-QMSum-1K,medium_poisson,7B,Qwen/Qwen2.5-7B,1.51377707,1,0,200,1,custom,/workspace/DATASET/vllm_custom/longbench_qmsum_1K.jsonl,200,0,163.3667001859285,1.2242396998432297,156.7026815799334,1818.7243768886028,3178.5559130483307,5838.413868474308,650.6734217118242,1007.8812818762508,650.6734233955289,2001.1870589526368,,,,,106.55128296416333,154.0,18345.17852663994,91.72589263319969,0.7166085361968726,1.395462026320702,1.470678505416379
0098_E24_LongBench-QMSum-1K_medium_poisson_7B_qps-auto-medium_burst-1_seed-0_mb-2,0098_E24_LongBench-QMSum-1K_medium_poisson_7B_qps-auto-medium_burst-1_seed-0_mb-2,E24,LongBench-QMSum-1K,medium_poisson,7B,Qwen/Qwen2.5-7B,1.51377707,1,0,200,2,custom,/workspace/DATASET/vllm_custom/longbench_qmsum_1K.jsonl,200,0,180.21383239910938,1.109792724218146,142.0534686999227,1648.7025221348567,3126.6402983188163,6420.973994678351,744.4481194740636,1081.4449136761407,744.4481209356258,2046.7716154735535,,,,,106.39643755716006,153.0,20075.755890846252,100.37877945423126,0.7842092144861817,1.27516991834278,1.3351336939604428
0099_E24_LongBench-QMSum-1K_medium_poisson_7B_qps-auto-medium_burst-1_seed-0_mb-4,0099_E24_LongBench-QMSum-1K_medium_poisson_7B_qps-auto-medium_burst-1_seed-0_mb-4,E24,LongBench-QMSum-1K,medium_poisson,7B,Qwen/Qwen2.5-7B,1.51377707,1,0,200,4,custom,/workspace/DATASET/vllm_custom/longbench_qmsum_1K.jsonl,200,0,206.37025845912285,0.9691318966856619,124.04888277576472,1439.737500056736,2816.739143943414,5681.972691880072,860.0199457994061,1074.1097631600069,860.0199474869974,1831.1782394279726,,,,,109.25997759938834,150.0,23542.318908691406,117.71159454345702,0.919621832370758,1.087403500873864,1.135355191363861
0100_E27_LongBench-QMSum-1K_high_poisson_7B_qps-auto-high_burst-1_seed-0_mb-1,0100_E27_LongBench-QMSum-1K_high_poisson_7B_qps-auto-high_burst-1_seed-0_mb-1,E27,LongBench-QMSum-1K,high_poisson,7B,Qwen/Qwen2.5-7B,3.02755414,1,0,200,1,custom,/workspace/DATASET/vllm_custom/longbench_qmsum_1K.jsonl,200,0,136.33795684506185,1.4669429161776673,187.7686932707414,2179.283061558962,16911.371920946985,39738.3781298832,628.2463855871575,941.0448795982718,628.2463874599867,1980.197953833267,,,,,114.60035842179296,158.0,16619.53373336792,83.0976686668396,0.6492005364596843,1.5403560900509212,1.638465148421686
0101_E27_LongBench-QMSum-1K_high_poisson_7B_qps-auto-high_burst-1_seed-0_mb-2,0101_E27_LongBench-QMSum-1K_high_poisson_7B_qps-auto-high_burst-1_seed-0_mb-2,E27,LongBench-QMSum-1K,high_poisson,7B,Qwen/Qwen2.5-7B,3.02755414,1,0,200,2,custom,/workspace/DATASET/vllm_custom/longbench_qmsum_1K.jsonl,200,0,156.46673887316138,1.2782269346210926,163.61304763149985,1898.927542938422,19608.561848110985,46816.05387910968,736.4182738989397,1046.6120462811473,736.4182753003694,2001.3203799468458,,,,,104.36060374322855,154.0,17258.499613046646,86.29249806523323,0.6741601411346346,1.4833270894908823,1.5677663961590094
0102_E27_LongBench-QMSum-1K_high_poisson_7B_qps-auto-high_burst-1_seed-0_mb-4,0102_E27_LongBench-QMSum-1K_high_poisson_7B_qps-auto-high_burst-1_seed-0_mb-4,E27,LongBench-QMSum-1K,high_poisson,7B,Qwen/Qwen2.5-7B,3.02755414,1,0,200,4,custom,/workspace/DATASET/vllm_custom/longbench_qmsum_1K.jsonl,200,0,182.99713034182787,1.092913313047105,139.89290407002943,1623.626553296214,19991.834897510707,44323.36886127479,885.1685195502287,1138.8312281710535,885.1685209359744,1853.6245105136186,,,,,111.70576793581598,145.0,21398.909821510315,106.99454910755158,0.8358949149027467,1.1963226264109363,1.2523337572900375
0103_E25_LongBench-QMSum-1K_medium_poisson_14B_qps-auto-medium_burst-1_seed-0_mb-1,0103_E25_LongBench-QMSum-1K_medium_poisson_14B_qps-auto-medium_burst-1_seed-0_mb-1,E25,LongBench-QMSum-1K,medium_poisson,14B,Qwen/Qwen2.5-14B,0.617182779,1,0,200,1,custom,/workspace/DATASET/vllm_custom/longbench_qmsum_1K.jsonl,200,0,415.90810277708806,0.4808754594213638,61.552058805934564,714.3861781390809,22057.176291488577,55102.23145196447,1020.7450543893466,1250.544693342384,1020.7450560542139,3534.541270805057,,,,,103.80719910995653,160.0,44110.78005695343,220.55390028476714,1.7230773459747433,0.5803570004190967,0.592945954940334
0104_E25_LongBench-QMSum-1K_medium_poisson_14B_qps-auto-medium_burst-1_seed-0_mb-2,0104_E25_LongBench-QMSum-1K_medium_poisson_14B_qps-auto-medium_burst-1_seed-0_mb-2,E25,LongBench-QMSum-1K,medium_poisson,14B,Qwen/Qwen2.5-14B,0.617182779,1,0,200,2,custom,/workspace/DATASET/vllm_custom/longbench_qmsum_1K.jsonl,200,0,467.4761395920068,0.42782932231482756,54.76215325629793,635.5811020842963,29375.51543829264,79364.70461532705,1140.7634278069577,1353.8755048672838,1140.763429407751,3665.7972411299124,,,,,117.43307972470951,171.0,55792.70507025719,278.9635253512859,2.179402541806921,0.45884134794617143,0.4663264676756598
0105_E25_LongBench-QMSum-1K_medium_poisson_14B_qps-auto-medium_burst-1_seed-0_mb-4,0105_E25_LongBench-QMSum-1K_medium_poisson_14B_qps-auto-medium_burst-1_seed-0_mb-4,E25,LongBench-QMSum-1K,medium_poisson,14B,Qwen/Qwen2.5-14B,0.617182779,1,0,200,4,custom,/workspace/DATASET/vllm_custom/longbench_qmsum_1K.jsonl,200,0,573.60362918186,0.3486728288056043,44.63012208711735,517.9866111094617,49634.880673680454,131230.327495879,1385.5014498714509,1534.939533068604,1385.5014513562962,3150.6123064504936,,,,,130.72346957628585,164.0,76066.51902890205,380.33259514451026,2.9713483995664864,0.33654754189912495,0.3414086409408886
0106_E28_LongBench-QMSum-1K_high_poisson_14B_qps-auto-high_burst-1_seed-0_mb-1,0106_E28_LongBench-QMSum-1K_high_poisson_14B_qps-auto-high_burst-1_seed-0_mb-1,E28,LongBench-QMSum-1K,high_poisson,14B,Qwen/Qwen2.5-14B,1.23436556,1,0,200,1,custom,/workspace/DATASET/vllm_custom/longbench_qmsum_1K.jsonl,200,0,345.482016016962,0.578901334158536,74.0993707722926,860.0129275192503,57199.190395508194,145004.30935275505,891.173616959851,1204.2863655144045,891.1736184363913,3515.641633963678,,,,,120.1612944087133,173.0,42443.53092765808,212.2176546382904,1.6579504268616438,0.6031543427344286,0.6166658834437406
0107_E28_LongBench-QMSum-1K_high_poisson_14B_qps-auto-high_burst-1_seed-0_mb-2,0107_E28_LongBench-QMSum-1K_high_poisson_14B_qps-auto-high_burst-1_seed-0_mb-2,E28,LongBench-QMSum-1K,high_poisson,14B,Qwen/Qwen2.5-14B,1.23436556,1,0,200,2,custom,/workspace/DATASET/vllm_custom/longbench_qmsum_1K.jsonl,200,0,416.9664872980211,0.4796548549885083,61.39582143852906,712.572854296653,76148.2354332332,189271.51400963074,1070.2665702345612,1435.6427313394536,1070.266571645625,3473.461018220987,,,,,124.00951117506898,166.0,52843.909813165665,264.21954906582835,2.064215227076784,0.4844456076492272,0.4950896173750272
0108_E28_LongBench-QMSum-1K_high_poisson_14B_qps-auto-high_burst-1_seed-0_mb-4,0108_E28_LongBench-QMSum-1K_high_poisson_14B_qps-auto-high_burst-1_seed-0_mb-4,E28,LongBench-QMSum-1K,high_poisson,14B,Qwen/Qwen2.5-14B,1.23436556,1,0,200,4,custom,/workspace/DATASET/vllm_custom/longbench_qmsum_1K.jsonl,200,0,536.9554837381002,0.37247035565717385,47.67620552411825,553.3400980125192,101309.38892791863,255239.70210461644,1369.9601920122852,1859.2011562598063,1369.9601934515179,3210.655577038415,,,,,129.65166402858765,164.0,70658.8665933609,353.2943329668045,2.7601119763031603,0.3623041414933391,0.36772536535748473
0109_E24_LongBench-QMSum-3K_medium_poisson_3B_qps-auto-medium_burst-1_seed-0_mb-1,0109_E24_LongBench-QMSum-3K_medium_poisson_3B_qps-auto-medium_burst-1_seed-0_mb-1,E24,LongBench-QMSum-3K,medium_poisson,3B,Qwen/Qwen2.5-3B,0.566457436,1,0,200,1,custom,/workspace/DATASET/vllm_custom/longbench_qmsum_3K.jsonl,200,0,373.2827976781409,0.5357868116184873,68.58071188716637,2243.358132785013,4576.563823473407,11967.415267110335,552.2940361332954,1002.9360967063103,552.2940380354944,1894.8021436971612,,,,,96.12364940390275,161.0,36764.05813527107,183.82029067635537,1.4360960209090263,0.6963322684837019,0.7134634641158548
0110_E24_LongBench-QMSum-3K_medium_poisson_3B_qps-auto-medium_burst-1_seed-0_mb-2,0110_E24_LongBench-QMSum-3K_medium_poisson_3B_qps-auto-medium_burst-1_seed-0_mb-2,E24,LongBench-QMSum-3K,medium_poisson,3B,Qwen/Qwen2.5-3B,0.566457436,1,0,200,2,custom,/workspace/DATASET/vllm_custom/longbench_qmsum_3K.jsonl,200,0,413.9216274297796,0.48318325679643137,61.847456869943215,2023.105207620646,9404.113014262402,28041.85907553414,1069.7306509644773,1721.8173210375471,1069.7306525862252,2490.0275637512095,,,,,88.56088232928599,153.0,37610.90393424034,188.05451967120172,1.4691759349312634,0.6806536754543191,0.6983608930180117
0111_E24_LongBench-QMSum-3K_medium_poisson_3B_qps-auto-medium_burst-1_seed-0_mb-4,0111_E24_LongBench-QMSum-3K_medium_poisson_3B_qps-auto-medium_burst-1_seed-0_mb-4,E24,LongBench-QMSum-3K,medium_poisson,3B,Qwen/Qwen2.5-3B,0.566457436,1,0,200,4,custom,/workspace/DATASET/vllm_custom/longbench_qmsum_3K.jsonl,200,0,431.0020073330961,0.46403496178019366,59.39647510786479,1942.9306261973331,11353.856101805577,24049.6052641724,1286.3569824314789,1833.1077455872794,1286.3569841487517,2175.1895410730503,,,,,90.78838588697732,167.0,39950.808646440506,199.75404323220252,1.5605784627515822,0.6407880307644507,0.6542298833444137
0112_E27_LongBench-QMSum-3K_high_poisson_3B_qps-auto-high_burst-1_seed-0_mb-1,0112_E27_LongBench-QMSum-3K_high_poisson_3B_qps-auto-high_burst-1_seed-0_mb-1,E27,LongBench-QMSum-3K,high_poisson,3B,Qwen/Qwen2.5-3B,1.13291487,1,0,200,1,custom,/workspace/DATASET/vllm_custom/longbench_qmsum_3K.jsonl,200,0,367.3791369460523,0.5443967277580298,69.68278115302782,2279.4081530083427,68962.87830260699,164691.6133766016,1297.4231305365784,1893.0554798501726,1297.4231320609133,2507.007688500453,,,,,95.27166693524062,163.0,35877.815846443176,179.3890792322159,1.4014771815016867,0.7135328446293341,0.7314113775336121
0113_E27_LongBench-QMSum-3K_high_poisson_3B_qps-auto-high_burst-1_seed-0_mb-2,0113_E27_LongBench-QMSum-3K_high_poisson_3B_qps-auto-high_burst-1_seed-0_mb-2,E27,LongBench-QMSum-3K,high_poisson,3B,Qwen/Qwen2.5-3B,1.13291487,1,0,200,2,custom,/workspace/DATASET/vllm_custom/longbench_qmsum_3K.jsonl,200,0,401.31742333387956,0.4983586267910632,63.78990422925609,2086.6450129261193,75758.25048626866,190046.66326719566,1432.586699442188,2073.340980924398,1432.5867166629384,2733.053831094876,,,,,86.82272714696971,155.0,35569.348913908005,177.84674456954002,1.3894276919495314,0.7197207928084992,0.7347143579269899
0114_E27_LongBench-QMSum-3K_high_poisson_3B_qps-auto-high_burst-1_seed-0_mb-4,0114_E27_LongBench-QMSum-3K_high_poisson_3B_qps-auto-high_burst-1_seed-0_mb-4,E27,LongBench-QMSum-3K,high_poisson,3B,Qwen/Qwen2.5-3B,1.13291487,1,0,200,4,custom,/workspace/DATASET/vllm_custom/longbench_qmsum_3K.jsonl,200,0,401.30245651793666,0.49837721337512114,63.792283312015506,2086.7228356041005,73054.6703058877,170956.1385945533,1394.9074917093037,1881.806185047113,1394.907493277849,2193.3736567012966,,,,,93.870790875723,156.0,38494.54837298393,192.47274186491967,1.503693295819685,0.665029233541196,0.6795754325375941
0115_E25_LongBench-QMSum-3K_medium_poisson_7B_qps-auto-medium_burst-1_seed-0_mb-1,0115_E25_LongBench-QMSum-3K_medium_poisson_7B_qps-auto-medium_burst-1_seed-0_mb-1,E25,LongBench-QMSum-3K,medium_poisson,7B,Qwen/Qwen2.5-7B,0.389522738,1,0,200,1,custom,/workspace/DATASET/vllm_custom/longbench_qmsum_3K.jsonl,200,0,544.1732741929591,0.3675299936341265,47.04383918516819,1538.8609468958646,5780.548417198006,13262.470690098113,720.6937935523501,1323.5614406509603,720.6937952951791,2866.8511730851,,,,,113.73062527990535,163.0,62999.69435882568,314.9984717941284,2.4609255608916283,0.40635117774049445,0.41364266721815157
0116_E25_LongBench-QMSum-3K_medium_poisson_7B_qps-auto-medium_burst-1_seed-0_mb-2,0116_E25_LongBench-QMSum-3K_medium_poisson_7B_qps-auto-medium_burst-1_seed-0_mb-2,E25,LongBench-QMSum-3K,medium_poisson,7B,Qwen/Qwen2.5-7B,0.389522738,1,0,200,2,custom,/workspace/DATASET/vllm_custom/longbench_qmsum_3K.jsonl,200,0,557.8356877348851,0.358528513677761,45.89164975075341,1501.171435266764,7469.078547806712,20443.59139740234,1003.170680501535,1729.3936908584615,1003.1706822349867,2860.9741889475845,,,,,108.39757534411673,167.0,61512.21055865288,307.56105279326437,2.402820724947378,0.41617753235497834,0.42336417216959615
0117_E25_LongBench-QMSum-3K_medium_poisson_7B_qps-auto-medium_burst-1_seed-0_mb-4,0117_E25_LongBench-QMSum-3K_medium_poisson_7B_qps-auto-medium_burst-1_seed-0_mb-4,E25,LongBench-QMSum-3K,medium_poisson,7B,Qwen/Qwen2.5-7B,0.389522738,1,0,200,4,custom,/workspace/DATASET/vllm_custom/longbench_qmsum_3K.jsonl,200,0,603.8955154309515,0.3311831184195434,42.391439157701555,1386.6753082317728,10797.566291884286,24265.858681187965,1502.475395913641,2069.088243949447,1502.4753975236283,2774.557203510776,,,,,109.9957342324932,159.0,67495.41977953911,337.47709889769556,2.6365398351382465,0.37928499568737417,0.3853916649903951
0118_E28_LongBench-QMSum-3K_high_poisson_7B_qps-auto-high_burst-1_seed-0_mb-1,0118_E28_LongBench-QMSum-3K_high_poisson_7B_qps-auto-high_burst-1_seed-0_mb-1,E28,LongBench-QMSum-3K,high_poisson,7B,Qwen/Qwen2.5-7B,0.779045477,1,0,200,1,custom,/workspace/DATASET/vllm_custom/longbench_qmsum_3K.jsonl,200,0,524.5055657990742,0.38131149227235334,48.80787101086123,1596.5645640465727,98191.22013762593,230976.21948230543,1864.0699183434344,2684.3182192338395,1864.0699200296049,3472.8906404366717,,,,,105.3375980612996,165.0,56149.84059858322,280.7492029929161,2.193353148382157,0.45592293276511886,0.46334710406495344
0119_E28_LongBench-QMSum-3K_high_poisson_7B_qps-auto-high_burst-1_seed-0_mb-2,0119_E28_LongBench-QMSum-3K_high_poisson_7B_qps-auto-high_burst-1_seed-0_mb-2,E28,LongBench-QMSum-3K,high_poisson,7B,Qwen/Qwen2.5-7B,0.779045477,1,0,200,2,custom,/workspace/DATASET/vllm_custom/longbench_qmsum_3K.jsonl,200,0,560.4617566762026,0.3568486120910238,45.67662234765105,1494.1376285265399,102398.09183098027,254948.34779991765,1986.515628751725,2874.6135859882024,1986.5156304436703,3765.903060100972,,,,,93.42229045323316,163.0,53252.85215520859,266.26426077604293,2.0801895373128354,0.4807254252859037,0.48892638069622785
0120_E28_LongBench-QMSum-3K_high_poisson_7B_qps-auto-high_burst-1_seed-0_mb-4,0120_E28_LongBench-QMSum-3K_high_poisson_7B_qps-auto-high_burst-1_seed-0_mb-4,E28,LongBench-QMSum-3K,high_poisson,7B,Qwen/Qwen2.5-7B,0.779045477,1,0,200,4,custom,/workspace/DATASET/vllm_custom/longbench_qmsum_3K.jsonl,200,0,556.2470874469727,0.3595524444324683,46.022712887355944,1505.4586691743,93284.941453723,223232.43273879166,1930.3623787434333,2611.7413306267986,1930.3623805537188,3040.551523331087,,,,,107.32585125746286,160.0,60706.93448781967,303.53467243909836,2.371364628430456,0.4216981176200953,0.42881293135008586
0121_E26_LongBench-QMSum-3K_medium_poisson_14B_qps-auto-medium_burst-1_seed-0_mb-1,0121_E26_LongBench-QMSum-3K_medium_poisson_14B_qps-auto-medium_burst-1_seed-0_mb-1,E26,LongBench-QMSum-3K,medium_poisson,14B,Qwen/Qwen2.5-14B,0.193683225,1,0,200,1,custom,/workspace/DATASET/vllm_custom/longbench_qmsum_3K.jsonl,200,0,1163.657094744034,0.1718719379646745,21.999608059478337,719.633819775921,52636.43595564645,101393.18331113317,1062.0893003470464,1271.4088431421455,1062.0893027376947,4934.914009387139,,,,,119.89586805133827,170.0,140592.30458641052,702.9615229320526,5.491886897906661,0.18208677975163132,0.18348929297595407
0122_E26_LongBench-QMSum-3K_medium_poisson_14B_qps-auto-medium_burst-1_seed-0_mb-2,0122_E26_LongBench-QMSum-3K_medium_poisson_14B_qps-auto-medium_burst-1_seed-0_mb-2,E26,LongBench-QMSum-3K,medium_poisson,14B,Qwen/Qwen2.5-14B,0.193683225,1,0,200,2,custom,/workspace/DATASET/vllm_custom/longbench_qmsum_3K.jsonl,200,0,1222.4077669039834,0.16361152588758823,20.942275313611294,685.047185294738,65083.03726892336,119980.76662221689,1151.515487908637,1283.2347004774474,1151.51549007541,3994.148796265945,,,,,127.70092674898129,167.0,157211.6603758335,786.0583018791675,6.141080483430996,0.16283779421195668,0.16399470110954661
0123_E26_LongBench-QMSum-3K_medium_poisson_14B_qps-auto-medium_burst-1_seed-0_mb-4,0123_E26_LongBench-QMSum-3K_medium_poisson_14B_qps-auto-medium_burst-1_seed-0_mb-4,E26,LongBench-QMSum-3K,medium_poisson,14B,Qwen/Qwen2.5-14B,0.193683225,1,0,200,4,custom,/workspace/DATASET/vllm_custom/longbench_qmsum_3K.jsonl,200,0,1515.8558683630545,0.1319386652610821,16.88814915341851,552.431809301435,174610.38698069518,367726.6363827954,1507.2850880315195,1616.0056644527413,1507.285090348579,4014.8911965778098,,,,,128.53893665928143,167.0,196047.90280342102,980.2395140171051,7.658121203258633,0.1305803307963429,0.13138547425659808
0124_E29_LongBench-QMSum-3K_high_poisson_14B_qps-auto-high_burst-1_seed-0_mb-1,0124_E29_LongBench-QMSum-3K_high_poisson_14B_qps-auto-high_burst-1_seed-0_mb-1,E29,LongBench-QMSum-3K,high_poisson,14B,Qwen/Qwen2.5-14B,0.38736645,1,0,200,1,custom,/workspace/DATASET/vllm_custom/longbench_qmsum_3K.jsonl,200,0,1064.0716202349868,0.18795727298490728,24.05853094206813,786.9836804923613,244830.3141845856,496814.57442139037,1086.6004705469686,1254.8039070260706,1086.6004731675325,4801.216753008775,,,,,122.76529668844945,169.0,131843.6631205082,659.218315602541,5.1501430906448515,0.19416936236519006,0.19597175741873732
0125_E29_LongBench-QMSum-3K_high_poisson_14B_qps-auto-high_burst-1_seed-0_mb-2,0125_E29_LongBench-QMSum-3K_high_poisson_14B_qps-auto-high_burst-1_seed-0_mb-2,E29,LongBench-QMSum-3K,high_poisson,14B,Qwen/Qwen2.5-14B,0.38736645,1,0,200,2,custom,/workspace/DATASET/vllm_custom/longbench_qmsum_3K.jsonl,200,0,1157.4479850130156,0.17279394200833223,22.117624577066525,723.4942829768573,276148.9275511494,566824.550041675,1197.482956691469,1377.9125611424636,1197.482959176991,4162.945175406057,,,,,124.93084655109354,167.0,145798.30343484879,728.9915171742439,5.69524622792378,0.17558503354903288,0.17703893944255777
0126_E29_LongBench-QMSum-3K_high_poisson_14B_qps-auto-high_burst-1_seed-0_mb-4,0126_E29_LongBench-QMSum-3K_high_poisson_14B_qps-auto-high_burst-1_seed-0_mb-4,E29,LongBench-QMSum-3K,high_poisson,14B,Qwen/Qwen2.5-14B,0.38736645,1,0,200,4,custom,/workspace/DATASET/vllm_custom/longbench_qmsum_3K.jsonl,200,0,1448.5747316309717,0.13806674632161853,17.67254352916717,578.090299184738,392213.0676278868,804565.8170955256,1522.9375168735319,1787.8158217456212,1522.937519723764,4043.5905259521683,,,,,128.95429589569403,162.0,187869.02574825287,939.3451287412644,7.338633818291128,0.13626514481585889,0.13704501588269524
0127_E25_LongBench-QMSum-3.8K_medium_poisson_3B_qps-auto-medium_burst-1_seed-0_mb-1,0127_E25_LongBench-QMSum-3.8K_medium_poisson_3B_qps-auto-medium_burst-1_seed-0_mb-1,E25,LongBench-QMSum-3.8K,medium_poisson,3B,Qwen/Qwen2.5-3B,0.427665774,1,0,200,1,custom,/workspace/DATASET/vllm_custom/longbench_qmsum_3.8K.jsonl,200,0,487.6300226780586,0.4101470186384387,52.498818385720156,2116.9943440532334,3840.245495545678,11265.546911924612,362.7534128128786,696.9918844288793,362.75341563573926,1619.6439598500729,,,,,104.28921151715058,170.0,51836.74662709236,259.1837331354618,2.0248729151207954,0.49385815402659194,0.5033964455382484
0128_E25_LongBench-QMSum-3.8K_medium_poisson_3B_qps-auto-medium_burst-1_seed-0_mb-2,0128_E25_LongBench-QMSum-3.8K_medium_poisson_3B_qps-auto-medium_burst-1_seed-0_mb-2,E25,LongBench-QMSum-3.8K,medium_poisson,3B,Qwen/Qwen2.5-3B,0.427665774,1,0,200,2,custom,/workspace/DATASET/vllm_custom/longbench_qmsum_3.8K.jsonl,200,0,503.18412042502314,0.3974688228059871,50.87600931916635,2051.5552023542427,7109.848753979895,19854.781122060947,801.477316415394,1359.338915640173,801.4773184355022,2151.5148605103604,,,,,93.99042042211371,158.0,48270.51533532143,241.35257667660713,1.8855670052859932,0.530344451932285,0.5412893047044658
0129_E25_LongBench-QMSum-3.8K_medium_poisson_3B_qps-auto-medium_burst-1_seed-0_mb-4,0129_E25_LongBench-QMSum-3.8K_medium_poisson_3B_qps-auto-medium_burst-1_seed-0_mb-4,E25,LongBench-QMSum-3.8K,medium_poisson,3B,Qwen/Qwen2.5-3B,0.427665774,1,0,200,4,custom,/workspace/DATASET/vllm_custom/longbench_qmsum_3.8K.jsonl,200,0,554.3796161632054,0.3607636250845151,46.17774401081793,1862.099489054979,15668.830828607315,33577.05370298119,1401.9463106730263,2053.6827841532368,1401.9463127047577,2394.239487433806,,,,,92.71964757080315,161.0,52243.831325531006,261.219156627655,2.040774661153555,0.4900100040612747,0.49803623310318773
0130_E28_LongBench-QMSum-3.8K_high_poisson_3B_qps-auto-high_burst-1_seed-0_mb-1,0130_E28_LongBench-QMSum-3.8K_high_poisson_3B_qps-auto-high_burst-1_seed-0_mb-1,E28,LongBench-QMSum-3.8K,high_poisson,3B,Qwen/Qwen2.5-3B,0.855331547,1,0,200,1,custom,/workspace/DATASET/vllm_custom/longbench_qmsum_3.8K.jsonl,200,0,469.88790278113447,0.42563343047619695,54.48107910095321,2196.9282330744145,88168.08794996119,211343.91316260208,1444.4477859399406,2024.913917137768,1444.4477878986606,2479.7664323751815,,,,,97.87706792372131,161.0,46903.52541542053,234.51762707710267,1.8321689615398646,0.5458011902786193,0.556627617241375
0131_E28_LongBench-QMSum-3.8K_high_poisson_3B_qps-auto-high_burst-1_seed-0_mb-2,0131_E28_LongBench-QMSum-3.8K_high_poisson_3B_qps-auto-high_burst-1_seed-0_mb-2,E28,LongBench-QMSum-3.8K,high_poisson,3B,Qwen/Qwen2.5-3B,0.855331547,1,0,200,2,custom,/workspace/DATASET/vllm_custom/longbench_qmsum_3.8K.jsonl,200,0,524.3989218920469,0.3813890373351532,48.81779677889961,1968.5585856572602,104216.80642408086,254970.90424422172,1628.8439059004052,2272.2758398275073,1628.8439077114701,2913.080294840038,,,,,88.12174619983298,163.0,47049.78917527199,235.24894587635993,1.837882389659062,0.5441044571875493,0.5539812689162545
0132_E28_LongBench-QMSum-3.8K_high_poisson_3B_qps-auto-high_burst-1_seed-0_mb-4,0132_E28_LongBench-QMSum-3.8K_high_poisson_3B_qps-auto-high_burst-1_seed-0_mb-4,E28,LongBench-QMSum-3.8K,high_poisson,3B,Qwen/Qwen2.5-3B,0.855331547,1,0,200,4,custom,/workspace/DATASET/vllm_custom/longbench_qmsum_3.8K.jsonl,200,0,523.7017838431057,0.38189673239669053,48.88278174677639,1971.179079102138,101326.80944867665,234984.74016130433,1598.651218873909,2094.8135981093874,1598.651220678493,2479.3735042260932,,,,,94.4216678570769,160.0,50374.18492054939,251.87092460274695,1.9677415984589606,0.5081968083528606,0.5177072472471966
0133_E26_LongBench-QMSum-3.8K_medium_poisson_7B_qps-auto-medium_burst-1_seed-0_mb-1,0133_E26_LongBench-QMSum-3.8K_medium_poisson_7B_qps-auto-medium_burst-1_seed-0_mb-1,E26,LongBench-QMSum-3.8K,medium_poisson,7B,Qwen/Qwen2.5-7B,0.296206454,1,0,200,1,custom,/workspace/DATASET/vllm_custom/longbench_qmsum_3.8K.jsonl,200,0,704.1620842090342,0.2840255169726363,36.355266172497444,1466.0119071301108,5896.878598756157,16877.94225561199,548.0593988526975,1050.5063693638797,548.0594014994504,2433.6649941955693,,,,,117.41447597057167,169.0,83752.23427987099,418.7611713993549,3.27157165155746,0.30566348731012544,0.3096318905482267
0134_E26_LongBench-QMSum-3.8K_medium_poisson_7B_qps-auto-medium_burst-1_seed-0_mb-2,0134_E26_LongBench-QMSum-3.8K_medium_poisson_7B_qps-auto-medium_burst-1_seed-0_mb-2,E26,LongBench-QMSum-3.8K,medium_poisson,7B,Qwen/Qwen2.5-7B,0.296206454,1,0,200,2,custom,/workspace/DATASET/vllm_custom/longbench_qmsum_3.8K.jsonl,200,0,719.760644213995,0.2778701525399563,35.567379525114404,1434.2406858426116,7991.139246647945,23810.043172584836,936.809664108675,1752.3003895697184,936.8096667019041,2908.075953926891,,,,,113.65616006466121,169.0,82874.38511443138,414.3719255721569,3.2372806685324758,0.3089012360653054,0.3129384232660986
0135_E26_LongBench-QMSum-3.8K_medium_poisson_7B_qps-auto-medium_burst-1_seed-0_mb-4,0135_E26_LongBench-QMSum-3.8K_medium_poisson_7B_qps-auto-medium_burst-1_seed-0_mb-4,E26,LongBench-QMSum-3.8K,medium_poisson,7B,Qwen/Qwen2.5-7B,0.296206454,1,0,200,4,custom,/workspace/DATASET/vllm_custom/longbench_qmsum_3.8K.jsonl,200,0,773.2038338920102,0.25866400453975646,33.10899258108883,1335.10719263218,15252.39023005939,35714.71270218723,1708.3728185494056,2421.955941607222,1708.3728206089302,3148.8819985627197,,,,,112.14841432091123,163.0,87714.06833672523,438.57034168362617,3.4263307944033294,0.2918574008188088,0.29522479458646533
0136_E29_LongBench-QMSum-3.8K_high_poisson_7B_qps-auto-high_burst-1_seed-0_mb-1,0136_E29_LongBench-QMSum-3.8K_high_poisson_7B_qps-auto-high_burst-1_seed-0_mb-1,E29,LongBench-QMSum-3.8K,high_poisson,7B,Qwen/Qwen2.5-7B,0.592412908,1,0,200,1,custom,/workspace/DATASET/vllm_custom/longbench_qmsum_3.8K.jsonl,200,0,680.1465581890661,0.2940542704979833,37.638946623741866,1517.7758198888657,129173.57912763253,307711.58804593136,2109.3421351979396,2925.293390344678,2109.342137059063,3647.815399549436,,,,,104.99204724470293,166.0,72451.11117362976,362.2555558681488,2.8301215302199125,0.3533417167150047,0.35849331079350705
0137_E29_LongBench-QMSum-3.8K_high_poisson_7B_qps-auto-high_burst-1_seed-0_mb-2,0137_E29_LongBench-QMSum-3.8K_high_poisson_7B_qps-auto-high_burst-1_seed-0_mb-2,E29,LongBench-QMSum-3.8K,high_poisson,7B,Qwen/Qwen2.5-7B,0.592412908,1,0,200,2,custom,/workspace/DATASET/vllm_custom/longbench_qmsum_3.8K.jsonl,200,0,729.4274365610909,0.2741876572985881,35.09602013421928,1415.2333025295275,140157.2088677308,341840.01529860776,2256.8084540932373,3138.6659838413398,2256.8084559902113,4035.99625413306,,,,,96.72557350154032,169.0,71364.92278981209,356.82461394906045,2.7876922964770348,0.3587196482422959,0.3628411687180163
0138_E29_LongBench-QMSum-3.8K_high_poisson_7B_qps-auto-high_burst-1_seed-0_mb-4,0138_E29_LongBench-QMSum-3.8K_high_poisson_7B_qps-auto-high_burst-1_seed-0_mb-4,E29,LongBench-QMSum-3.8K,high_poisson,7B,Qwen/Qwen2.5-7B,0.592412908,1,0,200,4,custom,/workspace/DATASET/vllm_custom/longbench_qmsum_3.8K.jsonl,200,0,721.9617887330242,0.2770229714663728,35.458940347695716,1429.8679183722563,132615.0283747993,307551.7731847986,2191.1440421996444,2869.33572931712,2191.1440442061034,3373.1337571912445,,,,,107.94881194399349,166.0,78993.52633047104,394.9676316523552,3.085684622284025,0.3240771894762854,0.32847920888738164
0139_E27_LongBench-QMSum-3.8K_medium_poisson_14B_qps-auto-medium_burst-1_seed-0_mb-1,0139_E27_LongBench-QMSum-3.8K_medium_poisson_14B_qps-auto-medium_burst-1_seed-0_mb-1,E27,LongBench-QMSum-3.8K,medium_poisson,14B,Qwen/Qwen2.5-14B,0.157871021,1,0,200,1,custom,/workspace/DATASET/vllm_custom/longbench_qmsum_3.8K.jsonl,200,0,1420.3467346539255,0.14081068736271005,18.023767982426886,726.801403356996,70614.55205977196,130335.68990595404,1069.8660526148274,1271.6786638397803,1069.8660549737867,4719.677911475301,,,,,123.12020073686467,170.0,176081.24358677864,880.4062179338932,6.878173577608541,0.1453874329742763,0.14639163902069732
0140_E27_LongBench-QMSum-3.8K_medium_poisson_14B_qps-auto-medium_burst-1_seed-0_mb-2,0140_E27_LongBench-QMSum-3.8K_medium_poisson_14B_qps-auto-medium_burst-1_seed-0_mb-2,E27,LongBench-QMSum-3.8K,medium_poisson,14B,Qwen/Qwen2.5-14B,0.157871021,1,0,200,2,custom,/workspace/DATASET/vllm_custom/longbench_qmsum_3.8K.jsonl,200,0,1522.1702414059546,0.13139134806319017,16.81809255208834,678.1830125955593,103473.76834890107,189178.62676138058,1190.0432528028682,1346.0390242444546,1190.0432549372467,4167.980940740089,,,,,125.96159749743612,180.0,193008.11449098587,965.0405724549294,7.539379472304136,0.13263691046106565,0.13351761875226031
0141_E27_LongBench-QMSum-3.8K_medium_poisson_14B_qps-auto-medium_burst-1_seed-0_mb-4,0141_E27_LongBench-QMSum-3.8K_medium_poisson_14B_qps-auto-medium_burst-1_seed-0_mb-4,E27,LongBench-QMSum-3.8K,medium_poisson,14B,Qwen/Qwen2.5-14B,0.157871021,1,0,200,4,custom,/workspace/DATASET/vllm_custom/longbench_qmsum_3.8K.jsonl,200,0,1886.7186704738997,0.10600414525487505,13.568530592624006,547.1456959403004,246783.2185544446,497837.4006467498,1539.3339594662114,1700.0453256903304,1539.3339612407933,4086.2446628906764,,,,,127.57560018909551,169.0,241937.38131952286,1209.6869065976143,9.450678957793862,0.10581250346836849,0.10635678431073352
0142_E30_LongBench-QMSum-3.8K_high_poisson_14B_qps-auto-high_burst-1_seed-0_mb-1,0142_E30_LongBench-QMSum-3.8K_high_poisson_14B_qps-auto-high_burst-1_seed-0_mb-1,E30,LongBench-QMSum-3.8K,high_poisson,14B,Qwen/Qwen2.5-14B,0.315742042,1,0,200,1,custom,/workspace/DATASET/vllm_custom/longbench_qmsum_3.8K.jsonl,200,0,1313.1794272239786,0.15230211184681283,19.494670316392043,786.1149654029168,309839.19693298056,634020.0644533894,1081.3306683549972,1229.7589668795265,1081.3306701697747,4648.840207448229,,,,,126.62131608617797,179.0,167518.14997005463,837.5907498502731,6.543677733205259,0.15281926170135135,0.15396041455708806
0143_E30_LongBench-QMSum-3.8K_high_poisson_14B_qps-auto-high_burst-1_seed-0_mb-2,0143_E30_LongBench-QMSum-3.8K_high_poisson_14B_qps-auto-high_burst-1_seed-0_mb-2,E30,LongBench-QMSum-3.8K,high_poisson,14B,Qwen/Qwen2.5-14B,0.315742042,1,0,200,2,custom,/workspace/DATASET/vllm_custom/longbench_qmsum_3.8K.jsonl,200,0,1463.4493969131727,0.13666342028761388,17.492917796814577,705.3950769855335,366310.53935577394,757745.9963197889,1213.8173064991088,1333.8598203815798,1213.8173083663464,4346.550673174206,,,,,128.34426074714554,185.0,189015.76042366028,945.0788021183014,7.3834281415492296,0.13543844144329611,0.13629684486848884
0144_E30_LongBench-QMSum-3.8K_high_poisson_14B_qps-auto-high_burst-1_seed-0_mb-4,0144_E30_LongBench-QMSum-3.8K_high_poisson_14B_qps-auto-high_burst-1_seed-0_mb-4,E30,LongBench-QMSum-3.8K,high_poisson,14B,Qwen/Qwen2.5-14B,0.315742042,1,0,200,4,custom,/workspace/DATASET/vllm_custom/longbench_qmsum_3.8K.jsonl,200,0,1857.1077963900752,0.10769434083943241,13.784875627447349,555.8697249597724,528454.1062556766,1099174.8396242596,1556.2860918715853,1691.3743326196973,1556.286093584513,4158.346683362033,,,,,128.79312454066527,168.0,240282.40939641,1201.41204698205,9.386031617047266,0.1065412989003534,0.10703114530849742
0145_E33_STELLA-Corpus-1K_medium_poisson_3B_qps-auto-medium_burst-1_seed-0_mb-1,0145_E33_STELLA-Corpus-1K_medium_poisson_3B_qps-auto-medium_burst-1_seed-0_mb-1,E33,STELLA-Corpus-1K,medium_poisson,3B,Qwen/Qwen2.5-3B,1.9835834,1,0,200,1,custom,/workspace/DATASET/vllm_custom/stella_corpus_merged_1K.jsonl,200,0,123.48819993413053,1.6195879452990762,207.30725699828176,2644.3822176870667,2357.191732067149,4511.3565999642,471.8373027173381,719.1321315527454,471.8373042588969,1466.540245092474,,,,,93.831433928991,148.0,12515.986415147781,62.57993207573891,0.48890571934171023,2.0453841312113417,2.209358296231155
0146_E33_STELLA-Corpus-1K_medium_poisson_3B_qps-auto-medium_burst-1_seed-0_mb-2,0146_E33_STELLA-Corpus-1K_medium_poisson_3B_qps-auto-medium_burst-1_seed-0_mb-2,E33,STELLA-Corpus-1K,medium_poisson,3B,Qwen/Qwen2.5-3B,1.9835834,1,0,200,2,custom,/workspace/DATASET/vllm_custom/stella_corpus_merged_1K.jsonl,200,0,136.8182934888173,1.4617928268221443,187.10948183323447,2386.742237993856,2738.672120042611,5922.144814305934,556.7820085745807,784.311082211202,556.7820099986426,1543.5634985635988,,,,,89.16555827628684,139.0,13024.614794254303,65.12307397127151,0.5087740154005587,1.9655091842941275,2.0984501802081503
0147_E33_STELLA-Corpus-1K_medium_poisson_3B_qps-auto-medium_burst-1_seed-0_mb-4,0147_E33_STELLA-Corpus-1K_medium_poisson_3B_qps-auto-medium_burst-1_seed-0_mb-4,E33,STELLA-Corpus-1K,medium_poisson,3B,Qwen/Qwen2.5-3B,1.9835834,1,0,200,4,custom,/workspace/DATASET/vllm_custom/stella_corpus_merged_1K.jsonl,200,0,156.2042627199553,1.2803747895059827,163.8879730567658,2090.5319375658933,2702.4885573226493,5494.804538637394,659.0634348381615,838.6721779261605,659.063436377392,1434.8341894475743,,,,,88.73937733909098,133.0,14689.34405207634,73.4467202603817,0.573802502034232,1.7427599155716853,1.8468461011453454
0148_E36_STELLA-Corpus-1K_high_poisson_3B_qps-auto-high_burst-1_seed-0_mb-1,0148_E36_STELLA-Corpus-1K_high_poisson_3B_qps-auto-high_burst-1_seed-0_mb-1,E36,STELLA-Corpus-1K,high_poisson,3B,Qwen/Qwen2.5-3B,3.9671668,1,0,200,1,custom,/workspace/DATASET/vllm_custom/stella_corpus_merged_1K.jsonl,200,0,102.58839261508547,1.949538294750417,249.54090172805337,3183.1086507537434,12808.112889945041,30362.52811040263,467.37001012645914,704.2502417921191,467.3700114243708,1369.9513753433712,,,,,100.24844118041501,155.0,11155.473224878311,55.777366124391556,0.435760672846809,2.2948376535841004,2.4892247579088025
0149_E36_STELLA-Corpus-1K_high_poisson_3B_qps-auto-high_burst-1_seed-0_mb-2,0149_E36_STELLA-Corpus-1K_high_poisson_3B_qps-auto-high_burst-1_seed-0_mb-2,E36,STELLA-Corpus-1K,high_poisson,3B,Qwen/Qwen2.5-3B,3.9671668,1,0,200,2,custom,/workspace/DATASET/vllm_custom/stella_corpus_merged_1K.jsonl,200,0,123.23424918204546,1.6229254556057204,207.73445831753222,2649.8315376402397,16877.08263292443,41066.944523202255,574.8162338714477,821.1476434877062,574.8162353915936,1549.3222210300155,,,,,90.24045154488425,138.0,11839.276287078857,59.19638143539429,0.46247172996401786,2.1622943311103664,2.302010403995022
0150_E36_STELLA-Corpus-1K_high_poisson_3B_qps-auto-high_burst-1_seed-0_mb-4,0150_E36_STELLA-Corpus-1K_high_poisson_3B_qps-auto-high_burst-1_seed-0_mb-4,E36,STELLA-Corpus-1K,high_poisson,3B,Qwen/Qwen2.5-3B,3.9671668,1,0,200,4,custom,/workspace/DATASET/vllm_custom/stella_corpus_merged_1K.jsonl,200,0,143.4805503638927,1.393917151089564,178.4213953394642,2275.9182284414856,19035.68565872847,41035.6742139114,672.0504844585053,890.3559061157605,672.05048584481,1400.534635251388,,,,,92.36805520078511,136.0,14016.375792980194,70.08187896490097,0.5475146794132888,1.8264350484111036,1.9316352926519953
0151_E34_STELLA-Corpus-1K_medium_poisson_7B_qps-auto-medium_burst-1_seed-0_mb-1,0151_E34_STELLA-Corpus-1K_medium_poisson_7B_qps-auto-medium_burst-1_seed-0_mb-1,E34,STELLA-Corpus-1K,medium_poisson,7B,Qwen/Qwen2.5-7B,1.33043047,1,0,200,1,custom,/workspace/DATASET/vllm_custom/stella_corpus_merged_1K.jsonl,200,0,183.32864608010277,1.0909369827157995,139.63993378762234,1781.2273585292216,3818.8199808460195,6912.303182084576,716.2970259443098,1112.4943969043622,716.2970275033401,2402.431460695807,,,,,105.42970709088785,159.0,20188.45117378235,100.94225586891174,0.788611373975873,1.268051708357169,1.3244837497958983
0152_E34_STELLA-Corpus-1K_medium_poisson_7B_qps-auto-medium_burst-1_seed-0_mb-2,0152_E34_STELLA-Corpus-1K_medium_poisson_7B_qps-auto-medium_burst-1_seed-0_mb-2,E34,STELLA-Corpus-1K,medium_poisson,7B,Qwen/Qwen2.5-7B,1.33043047,1,0,200,2,custom,/workspace/DATASET/vllm_custom/stella_corpus_merged_1K.jsonl,200,0,198.88764916313812,1.0055928602984767,128.71588611820502,1641.8817426523378,3562.8869951923843,7429.138774499294,788.4596159489089,1129.574868156681,788.4596173820273,2171.736699808389,,,,,104.72206509185614,158.0,21714.00780725479,108.57003903627395,0.8482034299708903,1.1789624571953443,1.2291190591524612
0153_E34_STELLA-Corpus-1K_medium_poisson_7B_qps-auto-medium_burst-1_seed-0_mb-4,0153_E34_STELLA-Corpus-1K_medium_poisson_7B_qps-auto-medium_burst-1_seed-0_mb-4,E34,STELLA-Corpus-1K,medium_poisson,7B,Qwen/Qwen2.5-7B,1.33043047,1,0,200,4,custom,/workspace/DATASET/vllm_custom/stella_corpus_merged_1K.jsonl,200,0,226.19706005696207,0.8841847898006941,113.17565309448885,1443.6527155470833,3298.2283971540164,6800.6243382813345,916.222605065197,1171.8901656270505,916.2226065849027,1943.590858115349,,,,,111.59180462435044,149.0,26150.696219682693,130.75348109841346,1.0215115710813552,0.978941431805238,1.0141932328764651
0154_E37_STELLA-Corpus-1K_high_poisson_7B_qps-auto-high_burst-1_seed-0_mb-1,0154_E37_STELLA-Corpus-1K_high_poisson_7B_qps-auto-high_burst-1_seed-0_mb-1,E37,STELLA-Corpus-1K,high_poisson,7B,Qwen/Qwen2.5-7B,2.66086095,1,0,200,1,custom,/workspace/DATASET/vllm_custom/stella_corpus_merged_1K.jsonl,200,0,150.67284834198654,1.3273791675196462,169.90453344251472,2167.2783357677026,19455.199318844825,45357.6896806294,679.6239076560825,1038.0181159734482,679.6239090788062,2072.37936522346,,,,,117.06099296921151,158.0,18584.588980913162,92.92294490456581,0.7259605070669204,1.3774854007420794,1.4514188640720116
0155_E37_STELLA-Corpus-1K_high_poisson_7B_qps-auto-high_burst-1_seed-0_mb-2,0155_E37_STELLA-Corpus-1K_high_poisson_7B_qps-auto-high_burst-1_seed-0_mb-2,E37,STELLA-Corpus-1K,high_poisson,7B,Qwen/Qwen2.5-7B,2.66086095,1,0,200,2,custom,/workspace/DATASET/vllm_custom/stella_corpus_merged_1K.jsonl,200,0,175.82794414903037,1.1374756212270878,145.59687951706724,1857.2133205585274,22992.34064468532,55197.08474792772,815.2847356187073,1170.0366869245063,815.2847373595381,2168.7648135074414,,,,,105.16667947038023,160.0,19364.46065545082,96.82230327725411,0.7564242443535477,1.3220094509987792,1.3844392563337897
0156_E37_STELLA-Corpus-1K_high_poisson_7B_qps-auto-high_burst-1_seed-0_mb-4,0156_E37_STELLA-Corpus-1K_high_poisson_7B_qps-auto-high_burst-1_seed-0_mb-4,E37,STELLA-Corpus-1K,high_poisson,7B,Qwen/Qwen2.5-7B,2.66086095,1,0,200,4,custom,/workspace/DATASET/vllm_custom/stella_corpus_merged_1K.jsonl,200,0,200.22917577414773,0.9988554326647869,127.85349538109273,1630.8812076834308,23538.30643296824,51997.00240820646,938.4726452724972,1233.0626476975526,938.4726466866133,1962.549409167841,,,,,113.48583354000863,155.0,23802.190091848373,119.01095045924187,0.9297730504628271,1.0755312809961688,1.1266031309187052
0157_E35_STELLA-Corpus-1K_medium_poisson_14B_qps-auto-medium_burst-1_seed-0_mb-1,0157_E35_STELLA-Corpus-1K_medium_poisson_14B_qps-auto-medium_burst-1_seed-0_mb-1,E35,STELLA-Corpus-1K,medium_poisson,14B,Qwen/Qwen2.5-14B,0.572041731,1,0,200,1,custom,/workspace/DATASET/vllm_custom/stella_corpus_merged_1K.jsonl,200,0,469.8014812050387,0.4257117271895373,54.491101080260776,695.080822568717,36114.00868028402,82922.59428307413,1080.5572444621077,1316.405859329008,1080.5572460393337,3991.097571232822,,,,,104.90062340002926,162.0,50248.802609443665,251.24401304721832,1.962843851931393,0.5094648761876922,0.5194545019285899
0158_E35_STELLA-Corpus-1K_medium_poisson_14B_qps-auto-medium_burst-1_seed-0_mb-2,0158_E35_STELLA-Corpus-1K_medium_poisson_14B_qps-auto-medium_burst-1_seed-0_mb-2,E35,STELLA-Corpus-1K,medium_poisson,14B,Qwen/Qwen2.5-14B,0.572041731,1,0,200,2,custom,/workspace/DATASET/vllm_custom/stella_corpus_merged_1K.jsonl,200,0,495.0783703769557,0.4039764448762299,51.70898494415743,659.5925403716644,35444.35505715199,81337.82184090698,1121.7665643385412,1318.267589768424,1121.7665659968548,3465.298522550147,,,,,118.33045606087653,167.0,59682.25178980827,298.4112589490414,2.331337960539386,0.42893823929699015,0.43698796290918646
0159_E35_STELLA-Corpus-1K_medium_poisson_14B_qps-auto-medium_burst-1_seed-0_mb-4,0159_E35_STELLA-Corpus-1K_medium_poisson_14B_qps-auto-medium_burst-1_seed-0_mb-4,E35,STELLA-Corpus-1K,medium_poisson,14B,Qwen/Qwen2.5-14B,0.572041731,1,0,200,4,custom,/workspace/DATASET/vllm_custom/stella_corpus_merged_1K.jsonl,200,0,609.871945166029,0.3279376950936033,41.976024971981225,535.4402716640808,62159.402040817076,142031.88625928244,1396.8711661926461,1561.486065639036,1396.8711676422733,3251.012042344082,,,,,129.75140258312612,167.0,80219.39563202858,401.0969781601429,3.1335701418761164,0.31912481761180067,0.3235111462096835
0160_E38_STELLA-Corpus-1K_high_poisson_14B_qps-auto-high_burst-1_seed-0_mb-1,0160_E38_STELLA-Corpus-1K_high_poisson_14B_qps-auto-high_burst-1_seed-0_mb-1,E38,STELLA-Corpus-1K,high_poisson,14B,Qwen/Qwen2.5-14B,1.14408346,1,0,200,1,custom,/workspace/DATASET/vllm_custom/stella_corpus_merged_1K.jsonl,200,0,374.5612968718633,0.5339579974500666,68.34662367360852,871.8199203365962,72144.6730720601,158379.21349076318,906.9176717292277,1235.9443757841798,906.9176733002936,3492.791981389746,,,,,120.40417582873911,170.0,46233.73959684372,231.1686979842186,1.8060054530017078,0.5537081841795826,0.5676432997707954
0161_E38_STELLA-Corpus-1K_high_poisson_14B_qps-auto-high_burst-1_seed-0_mb-2,0161_E38_STELLA-Corpus-1K_high_poisson_14B_qps-auto-high_burst-1_seed-0_mb-2,E38,STELLA-Corpus-1K,high_poisson,14B,Qwen/Qwen2.5-14B,1.14408346,1,0,200,2,custom,/workspace/DATASET/vllm_custom/stella_corpus_merged_1K.jsonl,200,0,449.47401447501034,0.44496454424312337,56.95546166311979,726.5158596129596,92505.00881746295,206460.86731105341,1095.1464349480427,1452.7776591801512,1095.1464365453066,3907.444768100977,,,,,118.18396537691018,161.0,54592.32389211655,272.9616194605827,2.1325126520358024,0.46893039487730603,0.48192207362038036
0162_E38_STELLA-Corpus-1K_high_poisson_14B_qps-auto-high_burst-1_seed-0_mb-4,0162_E38_STELLA-Corpus-1K_high_poisson_14B_qps-auto-high_burst-1_seed-0_mb-4,E38,STELLA-Corpus-1K,high_poisson,14B,Qwen/Qwen2.5-14B,1.14408346,1,0,200,4,custom,/workspace/DATASET/vllm_custom/stella_corpus_merged_1K.jsonl,200,0,565.6423608649056,0.35358030769510684,45.258279384973676,577.3082473891857,119653.27477757935,268775.5045319325,1390.0431730031628,1881.9284938246465,1390.0431745856686,3467.15590945445,,,,,127.3461598213357,163.0,73099.18825006485,365.4959412503242,2.855437041018158,0.35020908730785105,0.3553957139223531
