run_id,scenario_id,dataset,scenario,model_label,model,request_rate,burstiness,seed,num_prompts,micro_batch,dataset_name,dataset_path,success,failed,duration_s,req_s,out_tok_s,total_tok_s,mean_ttft_ms,p99_ttft_ms,mean_tpot_ms,p99_tpot_ms,mean_itl_ms,p99_itl_ms,pp_makespan_ms,bubble_pct,overlap_pct,idle_pct,avg_power_w,max_power_w,energy_j,energy_per_request_j,energy_per_output_token_j,tokens_per_joule,output_tokens_per_second_per_watt
0001_E01_GovReport-GAO-1K_medium_poisson_3B_qps-auto-medium_burst-1_seed-0_mb-queue,E01,GovReport-GAO-1K,medium_poisson,3B,Qwen/Qwen2.5-3B,2.34179515,1,0,200,queue,custom,/workspace/DATASET/vllm_custom/gov_report_gao_1K.jsonl,200,0,138.18086626008153,1.4473783919082084,185.26443416425067,2083.0669816342934,2253.6791524558794,4598.978295691777,605.3707263683516,762.893915284612,605.3707276985019,1296.3992371270433,,,,,88.33079923612283,132.0,12935.990460157394,64.67995230078697,0.5053121273498982,1.9789748669688274,2.0973933867507326
0002_E04_GovReport-GAO-1K_high_poisson_3B_qps-auto-high_burst-1_seed-0_mb-queue,E04,GovReport-GAO-1K,high_poisson,3B,Qwen/Qwen2.5-3B,4.68359029,1,0,200,queue,custom,/workspace/DATASET/vllm_custom/gov_report_gao_1K.jsonl,200,0,127.02864399296232,1.5744480434749857,201.52934956479817,2265.945624169199,14871.640579702798,32750.27325431816,618.1569729050838,788.1619977806034,618.1569743579562,1281.583940864075,,,,,93.69764062865872,144.0,12735.090409040451,63.675452045202256,0.4974644691031426,2.0101938170636733,2.1508476436829045
0003_E02_GovReport-GAO-1K_medium_poisson_7B_qps-auto-medium_burst-1_seed-0_mb-queue,E02,GovReport-GAO-1K,medium_poisson,7B,Qwen/Qwen2.5-7B,1.57015433,1,0,200,queue,custom,/workspace/DATASET/vllm_custom/gov_report_gao_1K.jsonl,200,0,199.56026157108136,1.0022035370441826,128.28205274165538,1442.3713305139877,2701.29544065916,5464.0876494534305,840.705210594937,1060.0790289526174,840.7052122692002,1784.5691431011073,,,,,121.02843984411113,165.0,25120.15095639229,125.60075478196144,0.9812558967340738,1.0191021560515585,1.059933127345004
0004_E05_GovReport-GAO-1K_high_poisson_7B_qps-auto-high_burst-1_seed-0_mb-queue,E05,GovReport-GAO-1K,high_poisson,7B,Qwen/Qwen2.5-7B,3.14030866,1,0,200,queue,custom,/workspace/DATASET/vllm_custom/gov_report_gao_1K.jsonl,200,0,176.88465645094402,1.1306803202315439,144.7270809896376,1627.275116877238,19236.74005515757,41864.995936232146,861.4628844065078,1102.0244615928334,861.4628857867077,1788.288995695766,,,,,119.82954781885242,159.0,22298.694568157196,111.49347284078598,0.8710427565686405,1.148049269061567,1.2077745733333072
0005_E03_GovReport-GAO-1K_medium_poisson_14B_qps-auto-medium_burst-1_seed-0_mb-queue,E03,GovReport-GAO-1K,medium_poisson,14B,Qwen/Qwen2.5-14B,0.639992226,1,0,200,queue,custom,/workspace/DATASET/vllm_custom/gov_report_gao_1K.jsonl,200,0,556.931050830055,0.35911088042571554,45.96619269449159,516.8323791086898,45431.29357695114,134304.40336833472,1392.1706413067182,1548.1155875523195,1392.1706427893726,3136.2026211316697,,,,,131.2449817206269,170.0,74161.87976670265,370.8093988335133,2.8969484283868225,0.3451908187944009,0.3502320019544594
0006_E06_GovReport-GAO-1K_high_poisson_14B_qps-auto-high_burst-1_seed-0_mb-queue,E06,GovReport-GAO-1K,high_poisson,14B,Qwen/Qwen2.5-14B,1.27998445,1,0,200,queue,custom,/workspace/DATASET/vllm_custom/gov_report_gao_1K.jsonl,200,0,524.5782019740436,0.38125869364639764,48.8011127867389,548.7075118958954,93616.74451809027,252683.88046769425,1370.261048761693,1921.3302100966962,1370.2610505566342,3127.10158043541,,,,,132.16909094905816,172.0,70546.2577021122,352.731288510561,2.755713191488758,0.3628824665384557,0.3692324161142054
0007_E02_GovReport-GAO-2K_medium_poisson_3B_qps-auto-medium_burst-1_seed-0_mb-queue,E02,GovReport-GAO-2K,medium_poisson,3B,Qwen/Qwen2.5-3B,1.03212466,1,0,200,queue,custom,/workspace/DATASET/vllm_custom/gov_report_gao_2K.jsonl,200,0,257.1844322439283,0.7776520462572503,99.53946192092803,2129.697335181262,5964.34014434577,12646.907492380114,941.3282785612234,1346.471151037776,941.3282806755733,1774.032129375264,,,,,93.11038107599865,144.0,24790.106468200684,123.95053234100342,0.9683635339140892,1.0326700303945124,1.0690479490109899
0008_E05_GovReport-GAO-2K_high_poisson_3B_qps-auto-high_burst-1_seed-0_mb-queue,E05,GovReport-GAO-2K,high_poisson,3B,Qwen/Qwen2.5-3B,2.06424933,1,0,200,queue,custom,/workspace/DATASET/vllm_custom/gov_report_gao_2K.jsonl,200,0,235.96373462094925,0.8475878732860319,108.49124778061208,2321.225339477959,37538.054057696136,87642.1990094916,987.6006534572425,1409.202155857787,987.6006551055277,1792.3076612106524,,,,,94.4955451686371,159.0,23190.953414916992,115.95476707458496,0.905896617770195,1.1038787212402164,1.148109655190604
0009_E03_GovReport-GAO-2K_medium_poisson_7B_qps-auto-medium_burst-1_seed-0_mb-queue,E03,GovReport-GAO-2K,medium_poisson,7B,Qwen/Qwen2.5-7B,0.701426576,1,0,200,queue,custom,/workspace/DATASET/vllm_custom/gov_report_gao_2K.jsonl,200,0,366.74535320093855,0.5453375162204732,69.80320207622057,1493.4749553592935,6244.492150110891,13233.326784153467,1233.4798385556255,1705.2236898545193,1233.4798404263465,2392.3311709915283,,,,,117.28951894591314,172.0,44241.75554418564,221.2087777209282,1.7281935759447515,0.5786388827729151,0.5951358885563305
0010_E06_GovReport-GAO-2K_high_poisson_7B_qps-auto-high_burst-1_seed-0_mb-queue,E06,GovReport-GAO-2K,high_poisson,7B,Qwen/Qwen2.5-7B,1.40285315,1,0,200,queue,custom,/workspace/DATASET/vllm_custom/gov_report_gao_2K.jsonl,200,0,329.57406971696764,0.6068438581098217,77.67601383805717,1661.9177609160106,48922.42789966869,114124.14393841986,1373.2094629718756,1952.5613229837465,1373.2094647255028,2468.7517112027854,,,,,117.16484131659954,170.0,39643.86678361893,198.21933391809463,1.5485885462351143,0.6457493195537138,0.6629635047954636
0011_E04_GovReport-GAO-2K_medium_poisson_14B_qps-auto-medium_burst-1_seed-0_mb-queue,E04,GovReport-GAO-2K,medium_poisson,14B,Qwen/Qwen2.5-14B,0.324692567,1,0,200,queue,custom,/workspace/DATASET/vllm_custom/gov_report_gao_2K.jsonl,200,0,955.2283089130651,0.20937402936432645,26.799875758633785,573.3969511678786,110445.47291085008,246507.42918152126,1437.6202879500336,1564.8819385641107,1437.6202897800547,3652.244712575339,,,,,129.63030463130264,169.0,125035.62775325775,625.1781387662887,4.884204209111631,0.20474164412177315,0.20674082217779693
0012_E07_GovReport-GAO-2K_high_poisson_14B_qps-auto-high_burst-1_seed-0_mb-queue,E07,GovReport-GAO-2K,high_poisson,14B,Qwen/Qwen2.5-14B,0.649385134,1,0,200,queue,custom,/workspace/DATASET/vllm_custom/gov_report_gao_2K.jsonl,200,0,957.9943051289301,0.20876950826245602,26.72249705759437,571.7413945652686,240460.9927773499,533390.0191680552,1471.8266525811987,1746.539666375115,1471.8266542310512,3890.0617327541113,,,,,126.95255785985248,174.0,122777.14136886597,613.8857068443299,4.795982084721327,0.20850786811437924,0.21049199408092512
0013_E03_GovReport-GAO-3K_medium_poisson_3B_qps-auto-medium_burst-1_seed-0_mb-queue,E03,GovReport-GAO-3K,medium_poisson,3B,Qwen/Qwen2.5-3B,0.621783945,1,0,200,queue,custom,/workspace/DATASET/vllm_custom/gov_report_gao_3K.jsonl,200,0,392.49364739493467,0.5095623873849763,65.22398558527696,2054.8510921209077,10955.54914153181,21823.622118788757,1178.7189883346243,1745.0912911012974,1178.7189898166373,2010.2396981720813,,,,,93.55025505212538,170.0,37647.13691830635,188.23568459153176,1.470591285871342,0.6799985894160177,0.6972079931683215
0014_E06_GovReport-GAO-3K_high_poisson_3B_qps-auto-high_burst-1_seed-0_mb-queue,E06,GovReport-GAO-3K,high_poisson,3B,Qwen/Qwen2.5-3B,1.24356789,1,0,200,queue,custom,/workspace/DATASET/vllm_custom/gov_report_gao_3K.jsonl,200,0,375.9651220559608,0.5319642388801982,68.09142257666537,2145.1883504235093,68235.58362887357,162969.67115808744,1345.4687322564992,1850.6164458243352,1345.468733605542,2080.1945341425017,,,,,94.22005645795805,169.0,36354.7810549736,181.773905274868,1.4201086349599064,0.7041714805348204,0.7226850114131321
0015_E04_GovReport-GAO-3K_medium_poisson_7B_qps-auto-medium_burst-1_seed-0_mb-queue,E04,GovReport-GAO-3K,medium_poisson,7B,Qwen/Qwen2.5-7B,0.426600628,1,0,200,queue,custom,/workspace/DATASET/vllm_custom/gov_report_gao_3K.jsonl,200,0,560.5507297450677,0.3567919715151523,45.669372353939494,1438.7921684925727,10761.718623948982,24535.895868986845,1549.3410939497664,2130.0600517171024,1549.3410956193547,2756.655513155274,,,,,113.68618254894673,175.0,64852.46861743927,324.26234308719637,2.5332995553687216,0.394742105362447,0.4017143625548064
0016_E07_GovReport-GAO-3K_high_poisson_7B_qps-auto-high_burst-1_seed-0_mb-queue,E07,GovReport-GAO-3K,high_poisson,7B,Qwen/Qwen2.5-7B,0.853201256,1,0,200,queue,custom,/workspace/DATASET/vllm_custom/gov_report_gao_3K.jsonl,200,0,522.7766223000363,0.38257257778679776,48.969289956710114,1542.7545257314848,89653.44483814435,214519.53922717134,1866.1250129007408,2556.5112349842348,1866.1250145649299,2904.8866013158113,,,,,112.56456521499314,174.0,59885.4114587307,299.4270572936535,2.339273885106668,0.42748307770485855,0.43503290634295994
0017_E05_GovReport-GAO-3K_medium_poisson_14B_qps-auto-medium_burst-1_seed-0_mb-queue,E05,GovReport-GAO-3K,medium_poisson,14B,Qwen/Qwen2.5-14B,0.200094909,1,0,200,queue,custom,/workspace/DATASET/vllm_custom/gov_report_gao_3K.jsonl,200,0,1410.0804899479263,0.14183587492043517,18.154991989815702,571.9645124866485,149444.4092813367,312490.70039891405,1476.5472178576665,1632.2301606374872,1476.5472197086792,3539.3881602119654,,,,,133.3441861519004,181.0,189255.39700889587,946.2769850444794,7.392788945659995,0.1352669482857426,0.1361513577287446
0018_E08_GovReport-GAO-3K_high_poisson_14B_qps-auto-high_burst-1_seed-0_mb-queue,E08,GovReport-GAO-3K,high_poisson,14B,Qwen/Qwen2.5-14B,0.400189818,1,0,200,queue,custom,/workspace/DATASET/vllm_custom/gov_report_gao_3K.jsonl,200,0,1386.2160222679377,0.1442776571524453,18.467540115513,581.811194679808,366289.4190509815,775268.367552741,1503.5253643434805,1755.1597187065647,1503.5253660447756,3792.6254751044326,,,,,133.7298832708918,180.0,186901.91516804695,934.5095758402348,7.300856061251834,0.1369702390528346,0.1380958366508402
0019_E04_GovReport-GAO-3.5K_medium_poisson_3B_qps-auto-medium_burst-1_seed-0_mb-queue,E04,GovReport-GAO-3.5K,medium_poisson,3B,Qwen/Qwen2.5-3B,0.487537066,1,0,200,queue,custom,/workspace/DATASET/vllm_custom/gov_report_gao_3.5K.jsonl,200,0,486.6916019280907,0.4109378489533712,52.600044666031515,1924.4240013378821,10601.152338996762,24926.494782462232,1228.712379848612,1826.7495606548891,1228.7123815820544,2255.6575557007454,,,,,92.30224021776378,169.0,45851.93684267998,229.25968421339988,1.7910912829171866,0.5583188358614977,0.5698674760432143
0020_E07_GovReport-GAO-3.5K_high_poisson_3B_qps-auto-high_burst-1_seed-0_mb-queue,E07,GovReport-GAO-3.5K,high_poisson,3B,Qwen/Qwen2.5-3B,0.975074132,1,0,200,queue,custom,/workspace/DATASET/vllm_custom/gov_report_gao_3.5K.jsonl,200,0,457.5595812432002,0.43710154523831685,55.948997790504556,2046.948721858764,85553.18816950661,201524.94963482022,1490.0726963951909,1993.6391097190055,1490.07269822007,2316.468056975864,,,,,95.59057346297824,162.0,44656.91415786743,223.28457078933715,1.7444107092916965,0.5732594936923092,0.5852982753803996
0021_E05_GovReport-GAO-3.5K_medium_poisson_7B_qps-auto-medium_burst-1_seed-0_mb-queue,E05,GovReport-GAO-3.5K,medium_poisson,7B,Qwen/Qwen2.5-7B,0.337689061,1,0,200,queue,custom,/workspace/DATASET/vllm_custom/gov_report_gao_3.5K.jsonl,200,0,681.4908040289301,0.29347424619321755,37.564703512731846,1374.3413622940686,11416.093902270077,25790.64256414771,1486.6658543530891,2117.7059123472964,1486.6658562737862,2932.983144177124,,,,,113.32424707284261,177.0,78246.95321631432,391.2347660815716,3.056521610012278,0.32716928835846937,0.3314798419846195
0022_E08_GovReport-GAO-3.5K_high_poisson_7B_qps-auto-high_burst-1_seed-0_mb-queue,E08,GovReport-GAO-3.5K,high_poisson,7B,Qwen/Qwen2.5-7B,0.675378123,1,0,200,queue,custom,/workspace/DATASET/vllm_custom/gov_report_gao_3.5K.jsonl,200,0,631.640422796132,0.3166358465701805,40.529388360983106,1482.8072526673882,111259.00030649034,262378.20036040613,2048.102152373662,2736.919210414516,2048.1021542097333,3147.741093484219,,,,,107.5752690425071,171.0,68972.15603542328,344.8607801771164,2.694224845133722,0.3711642707943209,0.37675377177042796
0023_E06_GovReport-GAO-3.5K_medium_poisson_14B_qps-auto-medium_burst-1_seed-0_mb-queue,E06,GovReport-GAO-3.5K,medium_poisson,14B,Qwen/Qwen2.5-14B,0.180724611,1,0,200,queue,custom,/workspace/DATASET/vllm_custom/gov_report_gao_3.5K.jsonl,200,0,1652.1012468021363,0.12105795597402208,15.495418364674826,566.9150131161252,211406.93829013733,447508.20473790634,1503.7657441551828,1615.4263889076421,1503.7657466827338,3946.1818013899024,,,,,131.9076273439232,187.0,219173.46878528595,1095.8673439264298,8.561463624425233,0.11680245853607002,0.11747173894860204
0024_E09_GovReport-GAO-3.5K_high_poisson_14B_qps-auto-high_burst-1_seed-0_mb-queue,E09,GovReport-GAO-3.5K,high_poisson,14B,Qwen/Qwen2.5-14B,0.361449221,1,0,200,queue,custom,/workspace/DATASET/vllm_custom/gov_report_gao_3.5K.jsonl,200,0,1644.317926560063,0.12163097948971639,15.568765374683698,569.5984851052393,470680.2573357895,973959.2294000555,1542.2567146354884,1611.1328308655527,1542.2567169280635,4047.4064807710233,,,,,130.51567876122172,180.0,215920.95114922523,1079.604755746126,8.43441215426661,0.11856190825274557,0.11928655256175572
0025_E05_GovReport-GAO-3.8K_medium_poisson_3B_qps-auto-medium_burst-1_seed-0_mb-queue,E05,GovReport-GAO-3.8K,medium_poisson,3B,Qwen/Qwen2.5-3B,0.445735529,1,0,200,queue,custom,/workspace/DATASET/vllm_custom/gov_report_gao_3.8K.jsonl,200,0,528.0881692848634,0.37872463659021155,48.47675348354708,1896.090573958443,11711.262826821767,28076.992077399027,1275.9322179993615,1926.6222748586974,1275.9322197121976,2363.696185830049,,,,,93.16912766049064,170.0,50139.06039905548,250.69530199527742,1.9585570468381048,0.5105799709099106,0.5203091914759245
0026_E08_GovReport-GAO-3.8K_high_poisson_3B_qps-auto-high_burst-1_seed-0_mb-queue,E08,GovReport-GAO-3.8K,high_poisson,3B,Qwen/Qwen2.5-3B,0.891471059,1,0,200,queue,custom,/workspace/DATASET/vllm_custom/gov_report_gao_3.8K.jsonl,200,0,500.38982292683795,0.3996883846081778,51.16011322984676,2001.0458928666114,95868.93782899482,224208.2116017048,1556.8255642335496,2065.6277528226806,1556.8255657980799,2403.7265415117145,,,,,93.52417060718463,154.0,47759.46855854988,238.79734279274942,1.8656042405683548,0.5360193648012672,0.5470255752892673
0027_E06_GovReport-GAO-3.8K_medium_poisson_7B_qps-auto-medium_burst-1_seed-0_mb-queue,E06,GovReport-GAO-3.8K,medium_poisson,7B,Qwen/Qwen2.5-7B,0.308096104,1,0,200,queue,custom,/workspace/DATASET/vllm_custom/gov_report_gao_3.8K.jsonl,200,0,740.4487642250024,0.2701064674060627,34.573627827976026,1352.292080665464,12531.080278443405,29584.48923807125,1546.7176127526452,2283.7572875437804,1546.7176144540138,3033.4247276792303,,,,,112.45690372907804,175.0,84289.91670250893,421.4495835125446,3.292574871191755,0.3037136706440476,0.30743890932003587
0028_E09_GovReport-GAO-3.8K_high_poisson_7B_qps-auto-high_burst-1_seed-0_mb-queue,E09,GovReport-GAO-3.8K,high_poisson,7B,Qwen/Qwen2.5-7B,0.616192208,1,0,200,queue,custom,/workspace/DATASET/vllm_custom/gov_report_gao_3.8K.jsonl,200,0,692.2356314349454,0.2889189618647874,36.981627118692785,1446.477116360486,126259.96775630745,294668.24066502036,2141.211212238271,2837.8825896683584,2141.2112137450063,3370.731580366846,,,,,109.46029090401854,175.0,76850.95999908447,384.2547999954224,3.0019906249642374,0.33311229944694215,0.3378542740318545
0029_E07_GovReport-GAO-3.8K_medium_poisson_14B_qps-auto-medium_burst-1_seed-0_mb-queue,E07,GovReport-GAO-3.8K,medium_poisson,14B,Qwen/Qwen2.5-14B,0.16137043,1,0,200,queue,custom,/workspace/DATASET/vllm_custom/gov_report_gao_3.8K.jsonl,200,0,1788.003697942011,0.11185659192439011,14.317643766321934,560.0117053183379,212140.1947316702,471276.1060684104,1478.9716190607173,1775.8441145522113,1478.971621096235,4008.6916523636287,,,,,131.13955227991198,189.0,235865.18128538132,1179.3259064269066,9.213483643960208,0.10853657950058211,0.10917868421390911
0030_E10_GovReport-GAO-3.8K_high_poisson_14B_qps-auto-high_burst-1_seed-0_mb-queue,E10,GovReport-GAO-3.8K,high_poisson,14B,Qwen/Qwen2.5-14B,0.322740859,1,0,200,queue,custom,/workspace/DATASET/vllm_custom/gov_report_gao_3.8K.jsonl,200,0,1756.9182310290635,0.11383569051068236,14.570968385367342,569.920092077089,496008.2750426256,1061382.8249143993,1536.2480237544976,1633.4600701883733,1536.2480256701251,4045.440857722424,,,,,131.6062663037314,181.0,232493.18395328522,1162.4659197664262,9.081764998175204,0.11011075492494352,0.11071637236284254
0031_E20_LongBench-QMSum-1K_medium_poisson_3B_qps-auto-medium_burst-1_seed-0_mb-queue,E20,LongBench-QMSum-1K,medium_poisson,3B,Qwen/Qwen2.5-3B,2.26849511,1,0,200,queue,custom,/workspace/DATASET/vllm_custom/longbench_qmsum_1K.jsonl,200,0,141.46715782093816,1.4137556948245875,180.9607289375472,2100.268391452933,2292.143904158147,4631.793263936414,617.5266948759769,777.4486142682556,617.5266964262073,1323.3053154521622,,,,,90.87132582193153,137.0,13688.429679393768,68.44214839696885,0.5347042843513191,1.8701926078882243,1.9913952756907267
0032_E23_LongBench-QMSum-1K_high_poisson_3B_qps-auto-high_burst-1_seed-0_mb-queue,E23,LongBench-QMSum-1K,high_poisson,3B,Qwen/Qwen2.5-3B,4.53699023,1,0,200,queue,custom,/workspace/DATASET/vllm_custom/longbench_qmsum_1K.jsonl,200,0,128.80504969297908,1.5527341550406748,198.74997184520637,2306.734097057651,15207.854971979978,34197.68424758455,626.9039718069752,803.4379385122626,626.9039734062467,1317.9213109519333,,,,,94.15285455033779,140.0,12994.523088932037,64.97261544466019,0.5075985581614078,1.9700607575051798,2.1109287954615
0033_E21_LongBench-QMSum-1K_medium_poisson_7B_qps-auto-medium_burst-1_seed-0_mb-queue,E21,LongBench-QMSum-1K,medium_poisson,7B,Qwen/Qwen2.5-7B,1.51377707,1,0,200,queue,custom,/workspace/DATASET/vllm_custom/longbench_qmsum_1K.jsonl,200,0,205.72271601785906,0.9721823815637245,124.43934484015674,1444.2692851391614,2803.1359225709457,5565.653885370118,861.6285312235976,1084.3085101780327,861.6285327558891,1826.4431820600294,,,,,120.1086363902776,161.0,25782.47044324875,128.91235221624373,1.0071277516894042,0.9929226935932925,1.036056594929669
0034_E24_LongBench-QMSum-1K_high_poisson_7B_qps-auto-high_burst-1_seed-0_mb-queue,E24,LongBench-QMSum-1K,high_poisson,7B,Qwen/Qwen2.5-7B,3.02755414,1,0,200,queue,custom,/workspace/DATASET/vllm_custom/longbench_qmsum_1K.jsonl,200,0,181.70414098585024,1.100690380058947,140.8883686475452,1635.1801251636714,19506.09662155388,43462.453178784344,881.2731306398229,1126.8395982076795,881.2731320139453,1816.6065731667913,,,,,121.3045079561002,165.0,23038.359641313553,115.19179820656777,0.8999359234888107,1.1111902235475473,1.1614437997517155
0035_E22_LongBench-QMSum-1K_medium_poisson_14B_qps-auto-medium_burst-1_seed-0_mb-queue,E22,LongBench-QMSum-1K,medium_poisson,14B,Qwen/Qwen2.5-14B,0.617182779,1,0,200,queue,custom,/workspace/DATASET/vllm_custom/longbench_qmsum_1K.jsonl,200,0,564.6562714329921,0.35419778388795253,45.337316337657924,526.1944567550229,47926.580899909604,129601.58261103788,1380.1396241106502,1531.8285597179001,1380.1396256292103,3149.3244431260973,,,,,130.70219546309428,172.0,75106.44199681282,375.5322099840641,2.9338453905005006,0.3408495905196301,0.34687494098337157
0036_E25_LongBench-QMSum-1K_high_poisson_14B_qps-auto-high_burst-1_seed-0_mb-queue,E25,LongBench-QMSum-1K,high_poisson,14B,Qwen/Qwen2.5-14B,1.23436556,1,0,200,queue,custom,/workspace/DATASET/vllm_custom/longbench_qmsum_1K.jsonl,200,0,537.2434293238912,0.3722707232579755,47.650652577020864,553.0435251184321,99286.38935861993,257928.73891325435,1385.4240712870508,1873.9933401039116,1385.4240728563107,3214.6471896441653,,,,,133.80149138986278,172.0,72920.51990151405,364.6025995075703,2.848457808652893,0.3510671623649308,0.3561294577665001
0037_E21_LongBench-QMSum-3K_medium_poisson_3B_qps-auto-medium_burst-1_seed-0_mb-queue,E21,LongBench-QMSum-3K,medium_poisson,3B,Qwen/Qwen2.5-3B,0.566457436,1,0,200,queue,custom,/workspace/DATASET/vllm_custom/longbench_qmsum_3K.jsonl,200,0,426.1860930121038,0.46927856933689277,60.067656875122275,1964.885794563497,10055.07082646247,23094.538489193645,1197.5873389566411,1692.1859425498085,1197.5873403926562,2119.6079844469205,,,,,93.84522219176088,172.0,40890.52358841896,204.4526179420948,1.5972860776726157,0.6260619271515137,0.6400715504981339
0038_E24_LongBench-QMSum-3K_high_poisson_3B_qps-auto-high_burst-1_seed-0_mb-queue,E24,LongBench-QMSum-3K,high_poisson,3B,Qwen/Qwen2.5-3B,1.13291487,1,0,200,queue,custom,/workspace/DATASET/vllm_custom/longbench_qmsum_3K.jsonl,200,0,396.92471315991133,0.5038738918718444,64.49585815959608,2109.737620853628,70473.92911260133,168051.60863450725,1382.5541433107426,1879.4579914108645,1382.5541449382013,2214.065499792341,,,,,92.57079924937352,158.0,37740.02691030502,188.7001345515251,1.47421980118379,0.6783249005317971,0.6967192536153085
0039_E22_LongBench-QMSum-3K_medium_poisson_7B_qps-auto-medium_burst-1_seed-0_mb-queue,E22,LongBench-QMSum-3K,medium_poisson,7B,Qwen/Qwen2.5-7B,0.389522738,1,0,200,queue,custom,/workspace/DATASET/vllm_custom/longbench_qmsum_3K.jsonl,200,0,604.1113627129234,0.33106478762764296,42.3762928163383,1386.179853064508,10727.786402227357,24258.842510962855,1483.4557028963713,2059.3311377592186,1483.4557045544004,2782.310517632868,,,,,110.9213117580165,176.0,67972.7449669838,339.86372483491897,2.6551853502728044,0.37662154165518275,0.38203923253978
0040_E25_LongBench-QMSum-3K_high_poisson_7B_qps-auto-high_burst-1_seed-0_mb-queue,E25,LongBench-QMSum-3K,high_poisson,7B,Qwen/Qwen2.5-7B,0.779045477,1,0,200,queue,custom,/workspace/DATASET/vllm_custom/longbench_qmsum_3K.jsonl,200,0,550.4143192910124,0.3633626397249614,46.51041788479506,1521.4120902208037,92398.45173895708,220385.12313977812,1907.2048222305395,2591.3331701065686,1907.2048238797047,3059.948518758174,,,,,109.36381332977092,165.0,61659.37690424919,308.29688452124594,2.408569410322234,0.41518421504249425,0.4252816033814545
0041_E23_LongBench-QMSum-3K_medium_poisson_14B_qps-auto-medium_burst-1_seed-0_mb-queue,E23,LongBench-QMSum-3K,medium_poisson,14B,Qwen/Qwen2.5-14B,0.193683225,1,0,200,queue,custom,/workspace/DATASET/vllm_custom/longbench_qmsum_3K.jsonl,200,0,1476.7538007299881,0.1354321891036516,17.335320205267404,567.059315903608,160065.52094187122,360853.0284636886,1475.4214143246782,1638.567310996559,1475.4214162427995,3810.5262078670785,,,,,131.55523425542646,181.0,195498.82051205635,977.4941025602817,7.636672676252201,0.1309470815882557,0.1317721814976157
0042_E26_LongBench-QMSum-3K_high_poisson_14B_qps-auto-high_burst-1_seed-0_mb-queue,E26,LongBench-QMSum-3K,high_poisson,14B,Qwen/Qwen2.5-14B,0.38736645,1,0,200,queue,custom,/workspace/DATASET/vllm_custom/longbench_qmsum_3K.jsonl,200,0,1444.7076700960752,0.13843631077745971,17.719847779514843,579.637678496101,393536.4707396168,810402.4345224071,1530.4800720468775,1690.203223629876,1530.4800741178328,3941.7608459386975,,,,,131.10153031588197,175.0,190618.00416994095,953.0900208497047,7.446015787888318,0.13430001070191108,0.13516125812429372
0043_E22_LongBench-QMSum-3.8K_medium_poisson_3B_qps-auto-medium_burst-1_seed-0_mb-queue,E22,LongBench-QMSum-3.8K,medium_poisson,3B,Qwen/Qwen2.5-3B,0.427665774,1,0,200,queue,custom,/workspace/DATASET/vllm_custom/longbench_qmsum_3.8K.jsonl,200,0,549.5033132238314,0.36396504841187954,46.58752619672058,1878.6237956303369,13037.959035424283,29730.84733695954,1307.8820540367326,2003.1358660747642,1307.8820559993208,2523.9732291363175,,,,,93.15417994742371,163.0,52076.14167833328,260.3807083916664,2.034224284309894,0.49158787834412654,0.5001120317200433
0044_E25_LongBench-QMSum-3.8K_high_poisson_3B_qps-auto-high_burst-1_seed-0_mb-queue,E25,LongBench-QMSum-3.8K,high_poisson,3B,Qwen/Qwen2.5-3B,0.855331547,1,0,200,queue,custom,/workspace/DATASET/vllm_custom/longbench_qmsum_3.8K.jsonl,200,0,524.0386006878689,0.38165127480585204,48.85136317514906,1969.9121374741455,102066.52341432404,236542.6890658587,1596.5565478955727,2101.1323993660944,1596.5565495269911,2502.304900577292,,,,,94.46189891038262,170.0,50341.722240924835,251.70861120462416,1.9664735250361263,0.5085245172480157,0.5171541514478241
0045_E23_LongBench-QMSum-3.8K_medium_poisson_7B_qps-auto-medium_burst-1_seed-0_mb-queue,E23,LongBench-QMSum-3.8K,medium_poisson,7B,Qwen/Qwen2.5-7B,0.296206454,1,0,200,queue,custom,/workspace/DATASET/vllm_custom/longbench_qmsum_3.8K.jsonl,200,0,768.3591195140034,0.26029495182734663,33.31775383390037,1343.525408604441,13477.78544933768,33288.010520176016,1554.130624119242,2321.055367262979,1554.1306260375281,3091.669034832157,,,,,112.31781414475226,175.0,87434.249335289,437.171246676445,3.4154003646597264,0.29279144265115437,0.2966381965995289
0046_E26_LongBench-QMSum-3.8K_high_poisson_7B_qps-auto-high_burst-1_seed-0_mb-queue,E26,LongBench-QMSum-3.8K,high_poisson,7B,Qwen/Qwen2.5-7B,0.592412908,1,0,200,queue,custom,/workspace/DATASET/vllm_custom/longbench_qmsum_3.8K.jsonl,200,0,717.578533525113,0.2787151380037773,35.67553766448349,1438.6021205633967,131235.90458170976,305865.1027307426,2172.936952406592,2870.599527913696,2172.936953937875,3387.556506290566,,,,,109.40492713870155,176.0,79591.74552965164,397.9587276482582,3.1090525597520173,0.32164139421295646,0.32608712054855354
0047_E24_LongBench-QMSum-3.8K_medium_poisson_14B_qps-auto-medium_burst-1_seed-0_mb-queue,E24,LongBench-QMSum-3.8K,medium_poisson,14B,Qwen/Qwen2.5-14B,0.157871021,1,0,200,queue,custom,/workspace/DATASET/vllm_custom/longbench_qmsum_3.8K.jsonl,200,0,1816.8747554989532,0.11007913418064728,14.090129175122852,568.17895503012,216483.86081679258,470977.212933253,1472.3324258816906,1659.2963430198001,1472.3324277119227,4024.2320960969664,,,,,131.6490129309128,180.0,240357.86184692383,1201.7893092346192,9.388978978395462,0.10650785376142102,0.10702798951114899
0048_E27_LongBench-QMSum-3.8K_high_poisson_14B_qps-auto-high_burst-1_seed-0_mb-queue,E27,LongBench-QMSum-3.8K,high_poisson,14B,Qwen/Qwen2.5-14B,0.315742042,1,0,200,queue,custom,/workspace/DATASET/vllm_custom/longbench_qmsum_3.8K.jsonl,200,0,1802.4207516508177,0.11096188268850221,14.203120984128283,572.7353055908386,524313.1604567007,1091077.3386221076,1538.8281237510469,1644.9599897339353,1538.8281255447137,4153.63058217567,,,,,131.50971936547782,183.0,238241.8378841877,1191.2091894209384,9.306321792351081,0.10745383861773462,0.10800054210941232
0049_E30_STELLA-Corpus-1K_medium_poisson_3B_qps-auto-medium_burst-1_seed-0_mb-queue,E30,STELLA-Corpus-1K,medium_poisson,3B,Qwen/Qwen2.5-3B,1.9835834,1,0,200,queue,custom,/workspace/DATASET/vllm_custom/stella_corpus_merged_1K.jsonl,200,0,155.9776863718871,1.282234687871658,164.12604004757222,2093.568686622449,2657.888879920356,5274.5224522124,661.1322978720083,843.0674003276746,661.1322995870994,1427.66667063348,,,,,88.61120226682633,155.0,14617.200683832169,73.08600341916085,0.5709844017121941,1.751361327912513,1.8522041891876762
0050_E33_STELLA-Corpus-1K_high_poisson_3B_qps-auto-high_burst-1_seed-0_mb-queue,E33,STELLA-Corpus-1K,high_poisson,3B,Qwen/Qwen2.5-3B,3.9671668,1,0,200,queue,custom,/workspace/DATASET/vllm_custom/stella_corpus_merged_1K.jsonl,200,0,141.1154982498847,1.4172787715056197,181.41168275271932,2314.0619141758007,17686.84573273291,39577.38556621596,668.3570663996526,871.389468950146,668.3570678013663,1405.2235824544914,,,,,94.31719387350003,140.0,14124.435849905014,70.62217924952508,0.5517357753869147,1.8124617699454635,1.923421120819519
0051_E31_STELLA-Corpus-1K_medium_poisson_7B_qps-auto-medium_burst-1_seed-0_mb-queue,E31,STELLA-Corpus-1K,medium_poisson,7B,Qwen/Qwen2.5-7B,1.33043047,1,0,200,queue,custom,/workspace/DATASET/vllm_custom/stella_corpus_merged_1K.jsonl,200,0,224.9392225020565,0.8891290623989397,113.80851998706429,1451.725476631869,3272.87372452789,6569.779274340247,913.5457160809411,1174.2775619021197,913.5457175941203,1973.0505965114571,,,,,116.06901106122078,164.0,27118.58693933487,135.59293469667435,1.0593198023177683,0.9440019886459425,0.9805245943470287
0052_E34_STELLA-Corpus-1K_high_poisson_7B_qps-auto-high_burst-1_seed-0_mb-queue,E34,STELLA-Corpus-1K,high_poisson,7B,Qwen/Qwen2.5-7B,2.66086095,1,0,200,queue,custom,/workspace/DATASET/vllm_custom/stella_corpus_merged_1K.jsonl,200,0,198.2708688811399,1.0087210548307866,129.11629501834068,1646.9893022749666,23144.07770153135,51109.04141772538,934.1925321076538,1220.5564129890279,934.192533502566,1954.8610106972046,,,,,120.70236668093959,158.0,24903.359135627747,124.51679567813873,0.9727874662354589,1.0279737709510686,1.0697080642970505
0053_E32_STELLA-Corpus-1K_medium_poisson_14B_qps-auto-medium_burst-1_seed-0_mb-queue,E32,STELLA-Corpus-1K,medium_poisson,14B,Qwen/Qwen2.5-14B,0.572041731,1,0,200,queue,custom,/workspace/DATASET/vllm_custom/stella_corpus_merged_1K.jsonl,200,0,600.2748336449731,0.3331807178814498,42.64713188882558,544.0008171209372,59051.60771779716,135837.39380289335,1390.591893101709,1549.429462879665,1390.59189463345,3259.660102217458,,,,,132.28537673605948,177.0,80519.18557476997,402.59592787384986,3.145280686514452,0.3179366484802294,0.3223873487839602
0054_E35_STELLA-Corpus-1K_high_poisson_14B_qps-auto-high_burst-1_seed-0_mb-queue,E35,STELLA-Corpus-1K,high_poisson,14B,Qwen/Qwen2.5-14B,1.14408346,1,0,200,queue,custom,/workspace/DATASET/vllm_custom/stella_corpus_merged_1K.jsonl,200,0,563.3848757480737,0.35499710519285066,45.439629464684884,579.6215235036269,118275.88563734433,268552.2021703562,1387.3042437692511,1906.7794140424455,1387.3042453011299,3452.5456316187046,,,,,129.55097174998897,172.0,74253.37462544441,371.2668731272221,2.9005224463064225,0.34476547536234997,0.35074711405774345
